system_cell_id,system_group_id,canonical_ids,system,paper_title,doi,target_cell,evidence_state,eligibility_status,implemented_mechanism,supported_analytical_tasks,task_symbols,analytic_agency,evidence_passage,evidence_locator,decision_reason_or_limitation,report_status,report_version,report_path,report_sha256,access_order,assessment_authority
TSC-001,target-system:ed92038da4a6aab191f8,canonical:2281d0d20e02499d1f197d39,Understanding Collaborative Learning of Molecular Structures in AR With Eye Tracking,Understanding Collaborative Learning of Molecular Structures in AR With Eye Tracking,10.1109/mcg.2024.3503903,Immersive × Desktop/Planar,FULL_REPORT_UNAVAILABLE,INACCESSIBLE,Not assessed from a full report.,,,Not assessed from a full report.,,,No lawful full report was available after the frozen identifier-led access pass; metadata was triaged only and is not scientific rejection.,FULL_REPORT_UNAVAILABLE,,,,1,Automated bounded full-report assessment; not independently author-approved
TSC-002,target-system:3cf665f7c2619c6f9d32,canonical:dd35abdef359799302d8f43d,3D medical image interaction and segmentation using Kinect,3D medical image interaction and segmentation using Kinect,10.1109/isbi.2016.7493316,Immersive × Desktop/Planar,FULL_REPORT_UNAVAILABLE,INACCESSIBLE,Not assessed from a full report.,,,Not assessed from a full report.,,,No lawful full report was available after the frozen identifier-led access pass; metadata was triaged only and is not scientific rejection.,FULL_REPORT_UNAVAILABLE,,,,2,Automated bounded full-report assessment; not independently author-approved
TSC-003,target-system:66e5e99bbb5c608dc7d9,canonical:29f82ae619dca3d741094159,Designing the Virtual River Game to support the collaborative exploration of river interventions,Designing the Virtual River Game to support the collaborative exploration of river interventions,10.5194/egusphere-egu21-5430,Immersive × Desktop/Planar,FULL_REPORT_UNAVAILABLE,INACCESSIBLE,Not assessed from a full report.,,,Not assessed from a full report.,,,No lawful full report was available after the frozen identifier-led access pass; metadata was triaged only and is not scientific rejection.,FULL_REPORT_UNAVAILABLE,,,,3,Automated bounded full-report assessment; not independently author-approved
TSC-004,target-system:cf1c99645167295bab3f,canonical:d741c114339c8f40238e543e,Visual-Interactive System for Human Anatomy Using Real-Time Face and Hand Landmark Detection,Visual-Interactive System for Human Anatomy Using Real-Time Face and Hand Landmark Detection,10.5220/0014898700004932,Immersive × Desktop/Planar,FULL_REPORT_UNAVAILABLE,INACCESSIBLE,Not assessed from a full report.,,,Not assessed from a full report.,,,No lawful full report was available after the frozen identifier-led access pass; metadata was triaged only and is not scientific rejection.,FULL_REPORT_UNAVAILABLE,,,,4,Automated bounded full-report assessment; not independently author-approved
TSC-005,target-system:306d8a9c91e4d5b06b60,canonical:5850d34863976d9ffe8489c3,Submerse: Visualizing Storm Surge Flooding Simulations in Immersive Display Ecologies,Submerse: Visualizing Storm Surge Flooding Simulations in Immersive Display Ecologies,10.1109/tvcg.2023.3332511,Adaptive × Large Display,FULL_REPORT_UNAVAILABLE,INACCESSIBLE,Not assessed from a full report.,,,Not assessed from a full report.,,,No lawful full report was available after the frozen identifier-led access pass; metadata was triaged only and is not scientific rejection.,FULL_REPORT_UNAVAILABLE,,,,5,Automated bounded full-report assessment; not independently author-approved
TSC-006,target-system:306d8a9c91e4d5b06b60,canonical:5850d34863976d9ffe8489c3,Submerse: Visualizing Storm Surge Flooding Simulations in Immersive Display Ecologies,Submerse: Visualizing Storm Surge Flooding Simulations in Immersive Display Ecologies,10.1109/tvcg.2023.3332511,Immersive × Large Display,FULL_REPORT_UNAVAILABLE,INACCESSIBLE,Not assessed from a full report.,,,Not assessed from a full report.,,,No lawful full report was available after the frozen identifier-led access pass; metadata was triaged only and is not scientific rejection.,FULL_REPORT_UNAVAILABLE,,,,5,Automated bounded full-report assessment; not independently author-approved
TSC-007,target-system:38666d59581a65c6345a,canonical:4d631b7dbc291d42dcda7d46,Tangible visual analytics: the integration of tangible interactions and computational techniques for biological data visualization and modelling with experts in the loop,Tangible visual analytics: the integration of tangible interactions and computational techniques for biological data visualization and modelling with experts in the loop,10.32920/ryerson.14664456.v1,Immersive × Desktop/Planar,FULL_REPORT_UNAVAILABLE,INACCESSIBLE,Not assessed from a full report.,,,Not assessed from a full report.,,,No lawful full report was available after the frozen identifier-led access pass; metadata was triaged only and is not scientific rejection.,FULL_REPORT_UNAVAILABLE,,,,6,Automated bounded full-report assessment; not independently author-approved
TSC-008,target-system:755b246e2b848f9a9208,canonical:01b94b6b5bd0d525dc6b8a95,GeoGate: Correlating Geo-Temporal Datasets Using an Augmented Reality Space-Time Cube and Tangible Interactions,GeoGate: Correlating Geo-Temporal Datasets Using an Augmented Reality Space-Time Cube and Tangible Interactions,10.1109/vr.2019.8797812,Immersive × Desktop/Planar,FULL_REPORT_UNAVAILABLE,INACCESSIBLE,Not assessed from a full report.,,,Not assessed from a full report.,,,No lawful full report was available after the frozen identifier-led access pass; metadata was triaged only and is not scientific rejection.,FULL_REPORT_UNAVAILABLE,,,,7,Automated bounded full-report assessment; not independently author-approved
TSC-009,target-system:d2eef7594a82545f0fe3,canonical:000a714a6bc69b2be05f83da,Design of Interactive System for Acupoint Analysis Based on Augmented Reality,Design of Interactive System for Acupoint Analysis Based on Augmented Reality,10.1109/apsipaasc58517.2023.10317347,Immersive × Desktop/Planar,FULL_REPORT_UNAVAILABLE,INACCESSIBLE,Not assessed from a full report.,,,Not assessed from a full report.,,,No lawful full report was available after the frozen identifier-led access pass; metadata was triaged only and is not scientific rejection.,FULL_REPORT_UNAVAILABLE,,,,8,Automated bounded full-report assessment; not independently author-approved
TSC-010,target-system:92ec5fc19c540296b594,canonical:0412539538f0918c3d38c229,Spatial Measurements for Medical Augmented Reality,Spatial Measurements for Medical Augmented Reality,10.1109/ismar.2005.53,Immersive × Desktop/Planar,FULL_REPORT_UNAVAILABLE,INACCESSIBLE,Not assessed from a full report.,,,Not assessed from a full report.,,,No lawful full report was available after the frozen identifier-led access pass; metadata was triaged only and is not scientific rejection.,FULL_REPORT_UNAVAILABLE,,,,9,Automated bounded full-report assessment; not independently author-approved
TSC-011,target-system:5cd8de4e8952f9a3ce45,canonical:189dba2f58cfc89022299f7a,AR–robot PCNL framework,"Augmented Reality and Human–Robot Collaboration Framework for Percutaneous Nephrolithotomy: System Design, Implementation, and Performance Metrics",10.1109/mra.2024.3358721,Immersive × Desktop/Planar,ASSESSED_UNSUPPORTED,EXCLUDED_CONTEXTUAL,"Optical tracking registers a robot, patient phantom, and HoloLens hologram; robot impedance guidance supports needle insertion in AR.","Selection, Filtering, and Precision Interaction",F,The surgeon plans and executes; registration and impedance control execute guidance; the surgeon interprets and corrects.,"It incorporates an intuitive AR visualization interface, utilizing the OST-HMD to display the patient’s anatomical structures.",PDF p. 3; contributions,"The implemented spatial mechanism operates through an optical see-through HMD, not the claimed Desktop/Planar environment; the workflow is interventional guidance.",FULL_REPORT_ASSESSED,Open-access full report linked by OpenAlex for DOI 10.1109/mra.2024.3358721,outputs/staging/candidate-census-full-report-expansion-v1-20260925/reports/X194-augmented-reality-and-human-robot-collaboration-framework-for-percutaneous-nephrolithotomy.pdf,7b90b70f27ad4a56ee3613480b03e76ecbee7341a09b2f716237e959966e8b77,10,Automated bounded full-report assessment; not independently author-approved
TSC-012,target-system:d61aaf701d40d0b4f4bb,canonical:56a8ffb9c22a277b8b882eb7,3D Volume Visualization and Screen-based Interaction with Dynamic Ray Casting on Autostereoscopic Display,3D Volume Visualization and Screen-based Interaction with Dynamic Ray Casting on Autostereoscopic Display,10.1109/ismar-adjunct54149.2021.00056,Immersive × Desktop/Planar,FULL_REPORT_UNAVAILABLE,INACCESSIBLE,Not assessed from a full report.,,,Not assessed from a full report.,,,No lawful full report was available after the frozen identifier-led access pass; metadata was triaged only and is not scientific rejection.,FULL_REPORT_UNAVAILABLE,,,,11,Automated bounded full-report assessment; not independently author-approved
TSC-013,target-system:c6e9c71034d61dcaa531,canonical:67e1e10acb02de3b6d7cd130,OceanVive: An Immersive Visualization System for Communicating Complex Oceanic Phenomena,OceanVive: An Immersive Visualization System for Communicating Complex Oceanic Phenomena,10.1109/vis60296.2025.00071,Adaptive × Large Display,FULL_REPORT_UNAVAILABLE,INACCESSIBLE,Not assessed from a full report.,,,Not assessed from a full report.,,,No lawful full report was available after the frozen identifier-led access pass; metadata was triaged only and is not scientific rejection.,FULL_REPORT_UNAVAILABLE,,,,12,Automated bounded full-report assessment; not independently author-approved
TSC-014,target-system:c6e9c71034d61dcaa531,canonical:67e1e10acb02de3b6d7cd130,OceanVive: An Immersive Visualization System for Communicating Complex Oceanic Phenomena,OceanVive: An Immersive Visualization System for Communicating Complex Oceanic Phenomena,10.1109/vis60296.2025.00071,Immersive × Large Display,FULL_REPORT_UNAVAILABLE,INACCESSIBLE,Not assessed from a full report.,,,Not assessed from a full report.,,,No lawful full report was available after the frozen identifier-led access pass; metadata was triaged only and is not scientific rejection.,FULL_REPORT_UNAVAILABLE,,,,12,Automated bounded full-report assessment; not independently author-approved
TSC-015,target-system:14dbab28c0c6aae5217a,canonical:4632d1ce6159e36636ad5aa0,VROOM,Virtual reality for the observation of oncology models (VROOM): immersive analytics for oncology patient cohorts.,10.1038/s41598-022-15548-1,Immersive × Desktop/Planar,ASSESSED_UNSUPPORTED,ELIGIBLE,Machine-learning projections and cohort views are interrogated with embodied VR navigation and interaction.,Navigation and Multiscale Orientation; Comparison and Differentiation; Sensemaking and Hypothesis Development,NCS,The analyst directs cohort interrogation; algorithms project the cohort; the analyst interprets and revises selections.,This paper proposes a novel immersive analytics tool for cancer patient cohorts in a virtual reality environment.,Abstract ¶1,"Desktop charts are antecedents/comparators; the implemented immersive mechanism is evidenced only in VR, not Desktop/Planar.",FULL_REPORT_ASSESSED,Europe PMC full-text XML (PMC9256599),outputs/staging/candidate-census-full-report-expansion-v1-20260925/reports/X032-virtual-reality-for-the-observation-of-oncology-models-vroom-immersive.xml,2bac469b4f42bccc1256ce32e11ceca8cc6f8b8ab79708663fa153d5caa46a25,13,Automated bounded full-report assessment; not independently author-approved
TSC-016,target-system:157eb177d9e15b817945,canonical:87d982007d1120cb2eee8dad,MinOmics,"MinOmics, an Integrative and Immersive Tool for Multi-Omics Analysis.",10.1515/jib-2018-0006,Immersive × Large Display,SCIENTIFICALLY_UNRESOLVED,ELIGIBLE,"UnityMol implements atom-conditioned viewpoint selection and camera-path computation, while MinOmics is also deployed on a tiled stereoscopic wall.",Navigation and Multiscale Orientation; Comparison and Differentiation; Sensemaking and Hypothesis Development,NCS,The analyst chooses molecules and questions; the system can compute a view/path; the report leaves its use in the wall analysis unverified.,The guided navigation feature can be used to find the best point-of-view of an atom and determine the appropriate camera path.,Implementation ¶14; wall workflow Results ¶2–7,"The feature is implemented and wall-accessible in principle, but the reported wall use cases document mouse/gyroscopic direct manipulation rather than use of computed guided navigation.",FULL_REPORT_ASSESSED,Europe PMC full-text XML (PMC6167043),outputs/staging/full-report-synthesis-expanded-v1-20260925/reports/E07-minomics-an-integrative-and-immersive-tool-for-multi-PMC6167043.xml,4b7a7782fdfe02fcab9a4ead06d64198915d6345a22a2da45789aea4c3afda15,14,Automated bounded full-report assessment; not independently author-approved
TSC-017,target-system:8352c92a093807a59741,canonical:af3155f8843e6dd74a7ab12e,Augmented reality glasses improve real-time spatial tracking and surface-level annotations on the canine head,Augmented reality glasses improve real-time spatial tracking and surface-level annotations on the canine head.,10.2460/ajvr.25.12.0432,Immersive × Desktop/Planar,FULL_REPORT_UNAVAILABLE,INACCESSIBLE,Not assessed from a full report.,,,Not assessed from a full report.,,,No lawful full report was available after the frozen identifier-led access pass; metadata was triaged only and is not scientific rejection.,FULL_REPORT_UNAVAILABLE,,,,15,Automated bounded full-report assessment; not independently author-approved
TSC-018,target-system:d92dd3114afb8f5f51d8,canonical:cca0a3f7e5f2f9abd9f0f0d1,StarmapVis,StarmapVis: An interactive and narrative visualisation tool for single-cell and spatial data.,10.1016/j.csbj.2023.02.023,Immersive × Desktop/Planar,SCIENTIFICALLY_UNRESOLVED,UNRESOLVED,"A browser camera follows a user-selected, computed single-cell trajectory through its 3D embedding, using data-space geometry to guide planar viewing.",Navigation and Multiscale Orientation; Comparison and Differentiation; Sensemaking and Hypothesis Development,NCS,The analyst selects a branch; trajectory computations and camera animation execute the tour; the analyst interprets spatial relations and can redirect it.,"Users can also specify branches they want to present, and the camera will follow the path from the root to the end.",Application ¶11; Fig. 3 explicitly labels non-VR mode,"The target mechanism is implemented in Desktop/Planar, but inherited high-precision eligibility remains unresolved because the report primarily visualizes upstream pipeline outputs.",FULL_REPORT_ASSESSED,Europe PMC full-text XML (PMC9976191),outputs/staging/full-report-synthesis-expanded-v1-20260925/reports/E41-starmapvis-an-interactive-and-narrative-visualisation-tool-for-PMC9976191.xml,28c06ea73ca8a9bc6d4b1578c32a24e4fce3cd9987b3a18028cdd56f317785f6,16,Automated bounded full-report assessment; not independently author-approved
TSC-019,target-system:0a99d387fa1f3263065a,canonical:ea5dc46ea8f64bd1d22b2618,ExaViz,"ExaViz: a flexible framework to analyse, steer and interact with molecular dynamics simulations.",10.1039/c3fd00142c,Adaptive × Large Display,ASSESSED_UNSUPPORTED,ELIGIBLE,Molecular geometry and selected targets drive least-occluded viewpoints and task-aware paths; head tracking and spatial pointing operate in a CAVE-like system.,"Navigation and Multiscale Orientation; Comparison and Differentiation; Selection, Filtering, and Precision Interaction; Sensemaking and Hypothesis Development",NCFS,"The analyst chooses targets; geometry-conditioned algorithms select paths/views; the analyst steers, interprets, and overrides.",The navigation paradigms were tested in a desktop as well as in a Cave-like virtual environment.,"HAL report §§3.6–5.1, pp. 8–15","Large Display is not the assessed modality: the report separately evidences Desktop/Planar and CAVE, and the frozen taxonomy keeps CAVE distinct.",FULL_REPORT_ASSESSED,"HAL author version, 25 pages",outputs/staging/assistance-visualization-map-v2-20260925/reports/Q12-exaviz-author.pdf,9ac562c0a047b477134d72e5eaed497aeed3aef93565e81b2ff5f699343bd39e,17,Automated bounded full-report assessment; not independently author-approved
TSC-020,target-system:0a99d387fa1f3263065a,canonical:ea5dc46ea8f64bd1d22b2618,ExaViz,"ExaViz: a flexible framework to analyse, steer and interact with molecular dynamics simulations.",10.1039/c3fd00142c,Immersive × Large Display,ASSESSED_UNSUPPORTED,ELIGIBLE,Molecular geometry and selected targets drive least-occluded viewpoints and task-aware paths; head tracking and spatial pointing operate in a CAVE-like system.,"Navigation and Multiscale Orientation; Comparison and Differentiation; Selection, Filtering, and Precision Interaction; Sensemaking and Hypothesis Development",NCFS,"The analyst chooses targets; geometry-conditioned algorithms select paths/views; the analyst steers, interprets, and overrides.",The navigation paradigms were tested in a desktop as well as in a Cave-like virtual environment.,"HAL report §§3.6–5.1, pp. 8–15","Large Display is not the assessed modality: the report separately evidences Desktop/Planar and CAVE, and the frozen taxonomy keeps CAVE distinct.",FULL_REPORT_ASSESSED,"HAL author version, 25 pages",outputs/staging/assistance-visualization-map-v2-20260925/reports/Q12-exaviz-author.pdf,9ac562c0a047b477134d72e5eaed497aeed3aef93565e81b2ff5f699343bd39e,17,Automated bounded full-report assessment; not independently author-approved
TSC-021,target-system:d449bb2d81f99698357d,canonical:08513525500e996580d83e8e,Segmentation of MRI brain data using a haptic device,Segmentation of MRI brain data using a haptic device,10.1109/itab.2010.5687742,Immersive × Desktop/Planar,FULL_REPORT_UNAVAILABLE,INACCESSIBLE,Not assessed from a full report.,,,Not assessed from a full report.,,,No lawful full report was available after the frozen identifier-led access pass; metadata was triaged only and is not scientific rejection.,FULL_REPORT_UNAVAILABLE,,,,18,Automated bounded full-report assessment; not independently author-approved
TSC-022,target-system:491a417d7981930a1874,canonical:18a997f584cd7439c4170e77,First-person MR needle guidance,Towards a First-Person Perspective Mixed Reality Guidance System for Needle Interventions,10.3390/jimaging8010007,Immersive × Desktop/Planar,ASSESSED_UNSUPPORTED,EXCLUDED_CONTEXTUAL,A tracked MR headset registers needle guidance to the patient/phantom.,"Selection, Filtering, and Precision Interaction",F,The clinician specifies and executes the intervention; registration renders guidance; the clinician interprets and corrects.,Towards a First-Person Perspective Mixed Reality Guidance System for Needle Interventions,Article title and Methods,"The implemented mechanism is MR surgical guidance, not Desktop/Planar analytical assistance.",FULL_REPORT_ASSESSED,Europe PMC full-text XML (PMC8778355),outputs/staging/candidate-census-full-report-expansion-v1-20260925/reports/X009-towards-a-first-person-perspective-mixed-reality-guidance-system-for.xml,ccb32a073036ccdbfb27f4e4872307a4ba6f510b82910bdebb249b24655d057a,19,Automated bounded full-report assessment; not independently author-approved
TSC-023,target-system:fe113b4e72faf3e7d6ca,canonical:223d80930ebeceb74109ecba,Interactive initialization of 2D/3D rigid registration,Interactive initialization of 2D/3D rigid registration.,10.1118/1.4830428,Immersive × Desktop/Planar,FULL_REPORT_UNAVAILABLE,INACCESSIBLE,Not assessed from a full report.,,,Not assessed from a full report.,,,No lawful full report was available after the frozen identifier-led access pass; metadata was triaged only and is not scientific rejection.,FULL_REPORT_UNAVAILABLE,,,,20,Automated bounded full-report assessment; not independently author-approved
TSC-024,target-system:4957372265ecd3817c92,canonical:6267f0c0ca88cdf1c3e2d15d,Interactive visualization of high-dimensional petascale ocean data,Interactive visualization of high-dimensional petascale ocean data,10.1109/ldav.2017.8231849,Adaptive × Large Display,FULL_REPORT_UNAVAILABLE,INACCESSIBLE,Not assessed from a full report.,,,Not assessed from a full report.,,,No lawful full report was available after the frozen identifier-led access pass; metadata was triaged only and is not scientific rejection.,FULL_REPORT_UNAVAILABLE,,,,21,Automated bounded full-report assessment; not independently author-approved
TSC-025,target-system:a2fda49f4c437f9b7946,canonical:68b052847ab8f1ceb7b110ca,Visualizing diffusion tensor MR images using streamtubes and streamsurfaces,Visualizing diffusion tensor MR images using streamtubes and streamsurfaces,10.1109/tvcg.2003.1260740,Immersive × Desktop/Planar,FULL_REPORT_UNAVAILABLE,INACCESSIBLE,Not assessed from a full report.,,,Not assessed from a full report.,,,No lawful full report was available after the frozen identifier-led access pass; metadata was triaged only and is not scientific rejection.,FULL_REPORT_UNAVAILABLE,,,,22,Automated bounded full-report assessment; not independently author-approved
TSC-026,target-system:8b3f6883cb1608c5d87d,canonical:8c1fe425dcd4b4bda6f28f44,Vitessce Link,Vitessce Link: A Mixed Reality and 2D Display Hybrid Approach for Visual Analysis of 3D Tissue Maps,10.48550/arxiv.2511.04262,Immersive × Desktop/Planar,ASSESSED_UNSUPPORTED,ELIGIBLE,MR manipulation and a 2D Vitessce view exchange synchronized state for tissue-map analysis.,"Navigation and Multiscale Orientation; Comparison and Differentiation; Selection, Filtering, and Precision Interaction; Sensemaking and Hypothesis Development",NCFS,The analyst manipulates either view; synchronization executes state transfer; interpretation and correction remain analyst-led.,A Mixed Reality and 2D Display Hybrid Approach for Visual Analysis of 3D Tissue Maps,Title; system architecture and interaction sections,"The report establishes cross-device state synchronization and direct manipulation, not computation driven by spatial/embodied context in the Desktop/Planar view.",FULL_REPORT_ASSESSED,arXiv 2511.04262,outputs/staging/candidate-census-full-report-expansion-v1-20260925/reports/X015-vitessce-link-a-mixed-reality-and-2d-display-hybrid-approach.pdf,40de18c9d7a947ad8520624e588ffc43062641bfb559c30b678e464d4f523604,23,Automated bounded full-report assessment; not independently author-approved
TSC-027,target-system:f117dc78ab370cb1e56a,canonical:a32eb800d3df83a492d1e4ac,Lung segmentation refinement based on optimal surface finding utilizing a hybrid desktop/virtual reality user interface,Lung segmentation refinement based on optimal surface finding utilizing a hybrid desktop/virtual reality user interface.,10.1016/j.compmedimag.2013.01.003,Immersive × Desktop/Planar,FULL_REPORT_UNAVAILABLE,INACCESSIBLE,Not assessed from a full report.,,,Not assessed from a full report.,,,No lawful full report was available after the frozen identifier-led access pass; metadata was triaged only and is not scientific rejection.,FULL_REPORT_UNAVAILABLE,,,,24,Automated bounded full-report assessment; not independently author-approved
TSC-028,target-system:74dc445def569565d94e,canonical:dd1a86d4500acec8d37bb836,ARMedicalSketch: Exploring 3D Sketching for Medical Image Using True 2D-3D Interlinked Visualization and Interaction,ARMedicalSketch: Exploring 3D Sketching for Medical Image Using True 2D-3D Interlinked Visualization and Interaction,10.1109/thms.2024.3432735,Immersive × Desktop/Planar,FULL_REPORT_UNAVAILABLE,INACCESSIBLE,Not assessed from a full report.,,,Not assessed from a full report.,,,No lawful full report was available after the frozen identifier-led access pass; metadata was triaged only and is not scientific rejection.,FULL_REPORT_UNAVAILABLE,,,,25,Automated bounded full-report assessment; not independently author-approved
TSC-029,target-system:666ee8b28af78bcba399,canonical:ea06c176472a673ea0483199,"Adaptive Cyber-Secure Small Doll for Autism Support Emotion Recognition, Privacy Protection, and Caregiver Connectivity","Adaptive Cyber-Secure Small Doll for Autism Support Emotion Recognition, Privacy Protection, and Caregiver Connectivity",10.1109/icta-atsn68371.2025.11398196,Immersive × Desktop/Planar,FULL_REPORT_UNAVAILABLE,INACCESSIBLE,Not assessed from a full report.,,,Not assessed from a full report.,,,No lawful full report was available after the frozen identifier-led access pass; metadata was triaged only and is not scientific rejection.,FULL_REPORT_UNAVAILABLE,,,,26,Automated bounded full-report assessment; not independently author-approved
TSC-030,target-system:d0611b95cabaffd2fd9f,canonical:08e897d95931f313920d4c47,Exploring and Slicing Volumetric Medical Data in Augmented Reality Using a Spatially-Aware Mobile Device,Exploring and Slicing Volumetric Medical Data in Augmented Reality Using a Spatially-Aware Mobile Device,10.1109/ismar-adjunct54149.2021.00076,Immersive × Desktop/Planar,FULL_REPORT_UNAVAILABLE,INACCESSIBLE,Not assessed from a full report.,,,Not assessed from a full report.,,,No lawful full report was available after the frozen identifier-led access pass; metadata was triaged only and is not scientific rejection.,FULL_REPORT_UNAVAILABLE,,,,27,Automated bounded full-report assessment; not independently author-approved
TSC-031,target-system:35b2ba3250dfdb0cbb8e,canonical:0dabd89fc69a0371397e3194,Augmented reality for epilepsy surgery: Examining usability and efficacy in presurgical planning.,Augmented reality for epilepsy surgery: Examining usability and efficacy in presurgical planning.,10.1002/epd2.20322,Immersive × Desktop/Planar,FULL_REPORT_UNAVAILABLE,INACCESSIBLE,Not assessed from a full report.,,,Not assessed from a full report.,,,No lawful full report was available after the frozen identifier-led access pass; metadata was triaged only and is not scientific rejection.,FULL_REPORT_UNAVAILABLE,,,,28,Automated bounded full-report assessment; not independently author-approved
TSC-032,target-system:21f39041a18d97a96f35,canonical:3b89626fd37ceadb2dc53738,MR cerebral-aneurysm framework,E-195 A mixed reality spatial computing framework for preprocedural evaluation of cerebral aneurysms: approach and preliminary results,10.1136/neurintsurg-2020-snis.226,Immersive × Desktop/Planar,FULL_REPORT_UNAVAILABLE,INACCESSIBLE,Not assessed from a full report.,,,Not assessed from a full report.,,,No lawful full report was available after the frozen identifier-led access pass; metadata was triaged only and is not scientific rejection.,FULL_REPORT_UNAVAILABLE,abstract/proceedings item only; not a full report,,,29,Automated bounded full-report assessment; not independently author-approved
TSC-033,target-system:a6ed6976e74a0fa58e03,canonical:3fbb660280e73b48f7b52dbd,MR orthopaedic pilot,Applications of Mixed Reality Technology in Orthopedics Surgery: A Pilot Study.,10.3389/fbioe.2022.740507,Immersive × Desktop/Planar,ASSESSED_UNSUPPORTED,EXCLUDED_CONTEXTUAL,Patient-specific models are visualized and manipulated through an MR headset for operative planning.,"Navigation and Multiscale Orientation; Selection, Filtering, and Precision Interaction",NF,Clinicians plan and interpret; the MR application registers/displays anatomy; clinicians correct the plan.,Applications of Mixed Reality Technology in Orthopedics Surgery: A Pilot Study.,Title; Methods and Results,"The spatial mechanism is bound to MR, while the machine-coded target is Desktop/Planar; the report is an interventional planning study.",FULL_REPORT_ASSESSED,Europe PMC full-text XML (PMC8902164),outputs/staging/candidate-census-full-report-expansion-v1-20260925/reports/X013-applications-of-mixed-reality-technology-in-orthopedics-surgery-a-pilot.xml,9f9f40ff5cf24eb9ed444acf1f9ffa5004abd6272598978cb9159b4a5424026b,30,Automated bounded full-report assessment; not independently author-approved
TSC-034,target-system:7cdf6d40329f3f543cc8,canonical:40ce4d78b9a284096bdfa483,Aesthetic-Driven Navigation for Node-Link Diagrams in VR,Aesthetic-Driven Navigation for Node-Link Diagrams in VR,10.1145/3607822.3614537,Immersive × Desktop/Planar,FULL_REPORT_UNAVAILABLE,INACCESSIBLE,Not assessed from a full report.,,,Not assessed from a full report.,,,No lawful full report was available after the frozen identifier-led access pass; metadata was triaged only and is not scientific rejection.,FULL_REPORT_UNAVAILABLE,,,,31,Automated bounded full-report assessment; not independently author-approved
TSC-035,target-system:2a04999050b1d9099306,canonical:54287d4f154bae8c19cacb26,5-D stem-cell correction workflow,"Visualization and correction of automated segmentation, tracking and lineaging from 5-D stem cell image sequences.",10.1186/1471-2105-15-328,Immersive × Desktop/Planar,ASSESSED_UNSUPPORTED,ELIGIBLE,"User corrections in stereo 3D trigger inference that propagates segmentation, tracking, and lineage corrections.","Navigation and Multiscale Orientation; Selection, Filtering, and Precision Interaction; Sensemaking and Hypothesis Development",NFS,The analyst identifies/corrects errors; inference propagates related corrections; the analyst validates the lineage.,An inference-based approach utilizing user-provided edits to automatically correct related mistakes executes interactively.,Abstract ¶2–3; Methods ¶3–4,The implemented feedback loop is Algorithmic/Adaptive evidence; stereo presentation and direct editing do not establish computation using embodied/spatial context.,FULL_REPORT_ASSESSED,Europe PMC full-text XML (PMC4287543),outputs/staging/candidate-census-full-report-expansion-v1-20260925/reports/X027-visualization-and-correction-of-automated-segmentation-tracking-and-lineaging-from.xml,d48baed20bea6fe495d073e577f9a2e2932bc8265dc64dffb95bb5a77f61e43f,32,Automated bounded full-report assessment; not independently author-approved
TSC-036,target-system:0cda68c84b99ad0672a3,canonical:76f7df0d1de050a4d01186a0,From Visualization to Manipulation of RNA Secondary and Tertiary Structures,From Visualization to Manipulation of RNA Secondary and Tertiary Structures,10.1109/iv.2006.56,Immersive × Desktop/Planar,FULL_REPORT_UNAVAILABLE,INACCESSIBLE,Not assessed from a full report.,,,Not assessed from a full report.,,,No lawful full report was available after the frozen identifier-led access pass; metadata was triaged only and is not scientific rejection.,FULL_REPORT_UNAVAILABLE,,,,33,Automated bounded full-report assessment; not independently author-approved
TSC-037,target-system:0cda68c84b99ad0672a3,canonical:76f7df0d1de050a4d01186a0,From Visualization to Manipulation of RNA Secondary and Tertiary Structures,From Visualization to Manipulation of RNA Secondary and Tertiary Structures,10.1109/iv.2006.56,Immersive × Large Display,FULL_REPORT_UNAVAILABLE,INACCESSIBLE,Not assessed from a full report.,,,Not assessed from a full report.,,,No lawful full report was available after the frozen identifier-led access pass; metadata was triaged only and is not scientific rejection.,FULL_REPORT_UNAVAILABLE,,,,33,Automated bounded full-report assessment; not independently author-approved
TSC-038,target-system:d9f551384ed4cb9dabec,canonical:87658fa0a131f78861def3cd,Design of interactive augmented reality functions for robotic surgery and evaluation in dry-lab lymphadenectomy.,Design of interactive augmented reality functions for robotic surgery and evaluation in dry-lab lymphadenectomy.,10.1002/rcs.2351,Immersive × Desktop/Planar,FULL_REPORT_UNAVAILABLE,INACCESSIBLE,Not assessed from a full report.,,,Not assessed from a full report.,,,No lawful full report was available after the frozen identifier-led access pass; metadata was triaged only and is not scientific rejection.,FULL_REPORT_UNAVAILABLE,,,,34,Automated bounded full-report assessment; not independently author-approved
TSC-039,target-system:cd54dfa6e4ec8be67858,canonical:98c9162ecfa98d1c8e2ba6b6,MR bone-tumor planning,Mixed Reality Improves 3D Visualization and Spatial Awareness of Bone Tumors for Surgical Planning in Orthopaedic Oncology: A Proof of Concept Study,10.2147/orr.s421077,Immersive × Desktop/Planar,ASSESSED_UNSUPPORTED,ELIGIBLE,Patient-specific holograms are viewed and aligned through HoloLens 2 for preoperative spatial assessment.,Navigation and Multiscale Orientation; Comparison and Differentiation; Sensemaking and Hypothesis Development,NCS,The surgeon initiates and interprets planning; the MR display supplies registered views; the surgeon corrects the plan.,"The surgeon examined each patient clinically using the conventional method of viewing 2D images and MR via HMD, Hololens 2.",Abstract ¶2,The 2D workstation is a comparator; the implemented spatial assistance operates through MR rather than Desktop/Planar.,FULL_REPORT_ASSESSED,Europe PMC full-text XML (PMC10402726),outputs/staging/candidate-census-full-report-expansion-v1-20260925/reports/X184-mixed-reality-improves-3d-visualization-and-spatial-awareness-of-bone.xml,7058bcb7f07c6082229f191c645207214abdae714c8f6986f50afaded9a36d20,35,Automated bounded full-report assessment; not independently author-approved
TSC-040,target-system:e7a75124d0a43afaa330,canonical:bccdf20389248daacb731689,Communicating the Effect of Human Behaviour on the Great Barrier Reef via Mixed Reality Visualisation,Communicating the Effect of Human Behaviour on the Great Barrier Reef via Mixed Reality Visualisation,10.1109/bdva.2016.7787046,Adaptive × Large Display,FULL_REPORT_UNAVAILABLE,INACCESSIBLE,Not assessed from a full report.,,,Not assessed from a full report.,,,No lawful full report was available after the frozen identifier-led access pass; metadata was triaged only and is not scientific rejection.,FULL_REPORT_UNAVAILABLE,,,,36,Automated bounded full-report assessment; not independently author-approved
TSC-041,target-system:e7a75124d0a43afaa330,canonical:bccdf20389248daacb731689,Communicating the Effect of Human Behaviour on the Great Barrier Reef via Mixed Reality Visualisation,Communicating the Effect of Human Behaviour on the Great Barrier Reef via Mixed Reality Visualisation,10.1109/bdva.2016.7787046,Immersive × Large Display,FULL_REPORT_UNAVAILABLE,INACCESSIBLE,Not assessed from a full report.,,,Not assessed from a full report.,,,No lawful full report was available after the frozen identifier-led access pass; metadata was triaged only and is not scientific rejection.,FULL_REPORT_UNAVAILABLE,,,,36,Automated bounded full-report assessment; not independently author-approved
TSC-042,target-system:e94662d32697e4e0498a,canonical:defb685491460d14733446cf,An Augmented Reality magic mirror as additive teaching device for gross anatomy,An Augmented Reality magic mirror as additive teaching device for gross anatomy.,10.1016/j.aanat.2017.09.011,Immersive × Large Display,FULL_REPORT_UNAVAILABLE,INACCESSIBLE,Not assessed from a full report.,,,Not assessed from a full report.,,,No lawful full report was available after the frozen identifier-led access pass; metadata was triaged only and is not scientific rejection.,FULL_REPORT_UNAVAILABLE,,,,37,Automated bounded full-report assessment; not independently author-approved
TSC-043,target-system:c54b95ac58fdb0bf30f4,canonical:eb37f7280a025aea96052292,MediVision - Advanced Medical Imaging and Visualization through AR/VR,MediVision - Advanced Medical Imaging and Visualization through AR/VR,10.1109/smc54092.2024.10831331,Immersive × Desktop/Planar,FULL_REPORT_UNAVAILABLE,INACCESSIBLE,Not assessed from a full report.,,,Not assessed from a full report.,,,No lawful full report was available after the frozen identifier-led access pass; metadata was triaged only and is not scientific rejection.,FULL_REPORT_UNAVAILABLE,,,,38,Automated bounded full-report assessment; not independently author-approved
TSC-044,target-system:5af4f56433db49cb80c7,canonical:f78935cb40754277284451d8,Collaborative VR for Liver Surgery Planning using Wearable Data Gloves: An Interactive Demonstration,Collaborative VR for Liver Surgery Planning using Wearable Data Gloves: An Interactive Demonstration,10.1109/vrw52623.2021.00268,Immersive × Desktop/Planar,FULL_REPORT_UNAVAILABLE,INACCESSIBLE,Not assessed from a full report.,,,Not assessed from a full report.,,,No lawful full report was available after the frozen identifier-led access pass; metadata was triaged only and is not scientific rejection.,FULL_REPORT_UNAVAILABLE,,,,39,Automated bounded full-report assessment; not independently author-approved
TSC-045,target-system:ed86fcc6b68d921d8592,canonical:211e113a5ae8f767fa00c96d,Virtual Island,Bringing the Field into the Lab: Large-Scale Visualization of Animal Movement Trajectories within a Virtual Island,10.1109/ldav48142.2019.8944350,Immersive × Large Display,ASSESSED_UNSUPPORTED,ELIGIBLE,"CAVE2 couples large stereoscopic projection, tracked navigation, and GPU filtering for movement-trajectory analysis.","Navigation and Multiscale Orientation; Comparison and Differentiation; Selection, Filtering, and Precision Interaction; Sensemaking and Hypothesis Development",NCFS,Analysts select/filter trajectories and navigate; GPU routines execute; analysts interpret and revise.,The application was designed to facilitate analysis through the unique affordances of the CAVE2 hybrid reality environment.,Author short paper pp. 1–2,The implemented environment is CAVE2 and is already counted as CAVE; the frozen taxonomy does not relabel it Large Display.,FULL_REPORT_ASSESSED,public author-hosted conference PDF,outputs/staging/assistance-visualization-map-v2-20260925/reports/Q11-virtual-island-author.pdf,e260bda6d23a7892139d125351222652911218f1294d041019dbd9bde1bec6c6,40,Automated bounded full-report assessment; not independently author-approved
TSC-046,target-system:43fd05a1e31a0acc8eeb,canonical:6b16cec41a50c5893d9858b6; canonical:a0ca3f8d1b763f14236fa89d,XR cardiac catheter pose estimation,High-Fidelity Pose Estimation for Real-Time Extended Reality (XR) Visualization for Cardiac Catheterization,10.21203/rs.3.rs-4645065/v1,Immersive × Desktop/Planar,ASSESSED_UNSUPPORTED,EXCLUDED_CONTEXTUAL,Computer vision estimates catheter pose and renders it in XR for intervention guidance.,"Selection, Filtering, and Precision Interaction",F,The clinician executes the procedure; pose estimation updates guidance; the clinician interprets/corrects.,High-Fidelity Pose Estimation for Real-Time Extended Reality (XR) Visualization for Cardiac Catheterization,Title; Methods,"The implemented spatial mechanism is XR intervention guidance, not assistance operating in Desktop/Planar analysis.",FULL_REPORT_ASSESSED,Europe PMC full-text XML (PMC11542031),outputs/staging/candidate-census-full-report-expansion-v1-20260925/reports/X028-high-fidelity-pose-estimation-for-real-time-extended-reality-xr.xml,4c6f986c2695f2030431dba1fe65603fa828f35b0d16c455cf624b97cd725639,41,Automated bounded full-report assessment; not independently author-approved
TSC-047,target-system:418d33c216211ae6e809,canonical:7b794ce058d7ac62d61deb6a,Learning Spatial Awareness for Laparoscopic Surgery with AI Assisted Visual Feedback,Learning Spatial Awareness for Laparoscopic Surgery with AI Assisted Visual Feedback,10.1109/icir68135.2025.11361590,Immersive × Desktop/Planar,FULL_REPORT_UNAVAILABLE,INACCESSIBLE,Not assessed from a full report.,,,Not assessed from a full report.,,,No lawful full report was available after the frozen identifier-led access pass; metadata was triaged only and is not scientific rejection.,FULL_REPORT_UNAVAILABLE,,,,42,Automated bounded full-report assessment; not independently author-approved
TSC-048,target-system:e004f45be47c0216a4b7,canonical:85ee43255a6b11ffb5118e62,Computer-assisted planning of oral implant surgery. An approach using virtual reality,Computer-assisted planning of oral implant surgery. An approach using virtual reality.,,Immersive × Desktop/Planar,FULL_REPORT_UNAVAILABLE,INACCESSIBLE,Not assessed from a full report.,,,Not assessed from a full report.,,,No lawful full report was available after the frozen identifier-led access pass; metadata was triaged only and is not scientific rejection.,FULL_REPORT_UNAVAILABLE,,,,43,Automated bounded full-report assessment; not independently author-approved
TSC-049,target-system:9e88b318a8425c53b381,canonical:a7852eb56104d820363be3af,Using QuickTime virtual reality objects in computer-assisted instruction of gross anatomy: Yorick--the VR Skull,Using QuickTime virtual reality objects in computer-assisted instruction of gross anatomy: Yorick--the VR Skull.,10.1002/1098-2353(2000)13:4,Immersive × Desktop/Planar,FULL_REPORT_UNAVAILABLE,INACCESSIBLE,Not assessed from a full report.,,,Not assessed from a full report.,,,No lawful full report was available after the frozen identifier-led access pass; metadata was triaged only and is not scientific rejection.,FULL_REPORT_UNAVAILABLE,,,,44,Automated bounded full-report assessment; not independently author-approved
TSC-050,target-system:96c975c0dee26b4c0007,canonical:c69cfb4dcbeb4fb73598c057,The SimMed experience,The SimMed experience: medical education on interactive tabletops,10.1145/2512349.2514587,Adaptive × Large Display,FULL_REPORT_UNAVAILABLE,INACCESSIBLE,Not assessed from a full report.,,,Not assessed from a full report.,,,No lawful full report was available after the frozen identifier-led access pass; metadata was triaged only and is not scientific rejection.,FULL_REPORT_UNAVAILABLE,,,,45,Automated bounded full-report assessment; not independently author-approved
TSC-051,target-system:96c975c0dee26b4c0007,canonical:c69cfb4dcbeb4fb73598c057,The SimMed experience,The SimMed experience: medical education on interactive tabletops,10.1145/2512349.2514587,Immersive × Large Display,FULL_REPORT_UNAVAILABLE,INACCESSIBLE,Not assessed from a full report.,,,Not assessed from a full report.,,,No lawful full report was available after the frozen identifier-led access pass; metadata was triaged only and is not scientific rejection.,FULL_REPORT_UNAVAILABLE,,,,45,Automated bounded full-report assessment; not independently author-approved
TSC-052,target-system:98d22fb17005963672a1,canonical:ce0f57e54ce459193a44d6b8,Comparison Between Video-mediated and Asymmetric 3D Teleconsultation During a Preclinical Scenario,Comparison Between Video-mediated and Asymmetric 3D Teleconsultation During a Preclinical Scenario,10.1145/3473856.3473883,Immersive × Desktop/Planar,FULL_REPORT_UNAVAILABLE,INACCESSIBLE,Not assessed from a full report.,,,Not assessed from a full report.,,,No lawful full report was available after the frozen identifier-led access pass; metadata was triaged only and is not scientific rejection.,FULL_REPORT_UNAVAILABLE,,,,46,Automated bounded full-report assessment; not independently author-approved
TSC-053,target-system:cf6bcf398af7e70c7301,canonical:f63f7c650309e6ab56c07baa,Virtual reality based Neural Sensors with Respirator for Cardiorespiratory Synchrony Training System,Virtual reality based Neural Sensors with Respirator for Cardiorespiratory Synchrony Training System,10.1109/smartcloud62736.2024.00023,Immersive × Desktop/Planar,FULL_REPORT_UNAVAILABLE,INACCESSIBLE,Not assessed from a full report.,,,Not assessed from a full report.,,,No lawful full report was available after the frozen identifier-led access pass; metadata was triaged only and is not scientific rejection.,FULL_REPORT_UNAVAILABLE,,,,47,Automated bounded full-report assessment; not independently author-approved
TSC-054,target-system:5badb60c4317d23a5b5d,canonical:089e9120018989184a885fc7,Stereoscopic navigation-controlled display of preoperative MRI and intraoperative 3D ultrasound in planning and guidance of neurosurgery: new technology for minimally invasive image-guided surgery approaches,Stereoscopic navigation-controlled display of preoperative MRI and intraoperative 3D ultrasound in planning and guidance of neurosurgery: new technology for minimally invasive image-guided surgery approaches.,10.1055/s-2003-40736,Immersive × Desktop/Planar,FULL_REPORT_UNAVAILABLE,INACCESSIBLE,Not assessed from a full report.,,,Not assessed from a full report.,,,No lawful full report was available after the frozen identifier-led access pass; metadata was triaged only and is not scientific rejection.,FULL_REPORT_UNAVAILABLE,,,,48,Automated bounded full-report assessment; not independently author-approved
TSC-055,target-system:a949fc4aad9fd119aeba,canonical:0be187f0ef0f3a0fb8c87105,LiverPlan,LiverPlan: A Stage-Adaptive Immersive Visual Analytics Framework for Anatomical Liver Surgical Planning,,Immersive × Desktop/Planar,ASSESSED_UNSUPPORTED,ELIGIBLE,"In XR, stage-specific views and real-time safety criteria change with the selected planning stage and resection planes.","Navigation and Multiscale Orientation; Comparison and Differentiation; Selection, Filtering, and Precision Interaction; Sensemaking and Hypothesis Development",NCFS,The surgeon selects stages and planes; the system computes criteria/feedback; the surgeon interprets trade-offs and revises.,We implement these techniques as a working XR prototype deployed on a commodity headset.,Author report p. 2; contribution (ii); Fig. 4,Desktop is an evaluation baseline; the implemented stage/spatial mechanisms operate in the Meta Quest 3 XR environment.,FULL_REPORT_ASSESSED,Open-access report linked by OpenAlex,outputs/staging/target-cell-complete-pass-v1-20260926/reports/T049-liverplan-a-stage-adaptive-immersive-visual-analytics-framework-for-anatomical.pdf,e83c7bfb63271f4bfb2502feeff0d99efbf31cadea8b2234320875afb92889d7,49,Automated bounded full-report assessment; not independently author-approved
TSC-056,target-system:9b277182e8d20064c476,canonical:24a44b641304ad073a5161fc,Eukaryo: virtual reality simulation of a cell,Eukaryo: virtual reality simulation of a cell,10.1145/2927929.2927931,Immersive × Large Display,FULL_REPORT_UNAVAILABLE,INACCESSIBLE,Not assessed from a full report.,,,Not assessed from a full report.,,,No lawful full report was available after the frozen identifier-led access pass; metadata was triaged only and is not scientific rejection.,FULL_REPORT_UNAVAILABLE,,,,50,Automated bounded full-report assessment; not independently author-approved
TSC-057,target-system:425486fa9cf195bf5254,canonical:28ec672e12d8f3cbef20105f,Exploration et analyse immersives de données moléculaires guidées par la tâche et la modélisation sémantique des contenus. (Visual Analytics for molecular data in immersive environments),Exploration et analyse immersives de données moléculaires guidées par la tâche et la modélisation sémantique des contenus. (Visual Analytics for molecular data in immersive environments),10.70675/7d0db8d9z0608z4693zbe4dz0ca19e314a05,Adaptive × Large Display,FULL_REPORT_UNAVAILABLE,INACCESSIBLE,Not assessed from a full report.,,,Not assessed from a full report.,,,No lawful full report was available after the frozen identifier-led access pass; metadata was triaged only and is not scientific rejection.,FULL_REPORT_UNAVAILABLE,,,,51,Automated bounded full-report assessment; not independently author-approved
TSC-058,target-system:425486fa9cf195bf5254,canonical:28ec672e12d8f3cbef20105f,Exploration et analyse immersives de données moléculaires guidées par la tâche et la modélisation sémantique des contenus. (Visual Analytics for molecular data in immersive environments),Exploration et analyse immersives de données moléculaires guidées par la tâche et la modélisation sémantique des contenus. (Visual Analytics for molecular data in immersive environments),10.70675/7d0db8d9z0608z4693zbe4dz0ca19e314a05,Immersive × Large Display,FULL_REPORT_UNAVAILABLE,INACCESSIBLE,Not assessed from a full report.,,,Not assessed from a full report.,,,No lawful full report was available after the frozen identifier-led access pass; metadata was triaged only and is not scientific rejection.,FULL_REPORT_UNAVAILABLE,,,,51,Automated bounded full-report assessment; not independently author-approved
TSC-059,target-system:5f63187a66ac07cdd187,canonical:347484beb3f86eeea15565fc,An interactive voxel data manipulation system for surgical simulation,An interactive voxel data manipulation system for surgical simulation,10.1109/roman.1994.365930,Immersive × Desktop/Planar,FULL_REPORT_UNAVAILABLE,INACCESSIBLE,Not assessed from a full report.,,,Not assessed from a full report.,,,No lawful full report was available after the frozen identifier-led access pass; metadata was triaged only and is not scientific rejection.,FULL_REPORT_UNAVAILABLE,,,,52,Automated bounded full-report assessment; not independently author-approved
TSC-060,target-system:021faf1d8f6e6769b2de,canonical:3764f2b1018d242ec467b23c,Molecular Dynamics Visualization (MDV),Molecular Dynamics Visualization (MDV): Stereoscopic 3D Display of Biomolecular Structure and Interactions Using the Unity Game Engine.,10.1515/jib-2018-0010,Immersive × Large Display,ASSESSED_UNSUPPORTED,ELIGIBLE,"A curved stereoscopic wall displays molecular dynamics and computes secondary structure, but interaction is a mouse pointer constrained to a UI plane.",Navigation and Multiscale Orientation; Comparison and Differentiation; Sensemaking and Hypothesis Development,NCS,The analyst manipulates a mouse UI; analysis/rendering execute; the analyst interprets structures.,The virtual pointer responds to mouse movement but is locked to the surface and bounds of the UI plane.,Implementation ¶12–14,"Large-display rendering and real-time molecular analysis are implemented, but no spatial/embodied context changes the assistance; the interaction is direct mouse manipulation.",FULL_REPORT_ASSESSED,Europe PMC full-text XML (PMC6167041),outputs/staging/full-report-synthesis-expanded-v1-20260925/reports/E08-molecular-dynamics-visualization-mdv-stereoscopic-3d-display-of-PMC6167041.xml,9f78c24d0ca2cb05401203e35705d33ac9b78c5d033226a2e2b8433d4a3c39f9,53,Automated bounded full-report assessment; not independently author-approved
TSC-061,target-system:51b2ef0437c8bd7ee4b3,canonical:49cacd0b0be159721790acd1,YASARA Model VR,YASARA Model-Interactive Molecular Modeling from Two Dimensions to Virtual Realities.,10.1021/acs.jcim.3c01136,Immersive × Desktop/Planar,ASSESSED_UNSUPPORTED,ELIGIBLE,"A headset camera and seat tracker bring the physical screen, keyboard, mouse, and chair into a seated VR modeling workspace.","Navigation and Multiscale Orientation; Selection, Filtering, and Precision Interaction; Sensemaking and Hypothesis Development",NFS,The modeler specifies/manipulates molecules; tracking registers the workspace; the modeler interprets and corrects.,We present a novel software implementation that uses a VR headset while sitting at a desk in front of the normal screen.,Abstract ¶1,"The desktop apparatus is represented inside VR; the spatial mechanism remains a VR implementation, not Desktop/Planar assistance.",FULL_REPORT_ASSESSED,Europe PMC full-text XML (PMC10598798),outputs/staging/target-cell-complete-pass-v1-20260926/reports/T054-yasara-model-interactive-molecular-modeling-from-two-dimensions-to-virtual-rea.xml,25212e9f926e2ad650c6685ed031480f8316fa012baeb59c1a1d60a7bc009055,54,Automated bounded full-report assessment; not independently author-approved
TSC-062,target-system:9e11c30b25451648766e,canonical:5372d1921042b381491550a0,Hybrid foveated anatomy renderer,Hybrid Foveated Path Tracing with Peripheral Gaussians for Immersive Anatomy,10.1109/vr67842.2026.00078,Immersive × Desktop/Planar,ASSESSED_UNSUPPORTED,EXCLUDED_CONTEXTUAL,Eye-tracked foveation allocates path tracing to the gaze region and Gaussian rendering to the periphery in VR.,Navigation and Multiscale Orientation,N,The viewer supplies gaze implicitly; the renderer allocates computation; interpretation remains with the viewer.,Our approach combines path tracing for the foveated region with a rapidly generated Gaussian Splatting model for the periphery.,"PDF p. 1, Fig. 1 and Abstract",The mechanism is VR-specific and the contribution is rendering infrastructure rather than an eligible analytical workflow on Desktop/Planar.,FULL_REPORT_ASSESSED,Open-access report linked by OpenAlex,outputs/staging/target-cell-complete-pass-v1-20260926/reports/T055-hybrid-foveated-path-tracing-with-peripheral-gaussians-for-immersive-anatomy.pdf,2c404af1c991749eb36d9271c1f5836df2b49fc03ab5fbad5cee2f582fa69d98,55,Automated bounded full-report assessment; not independently author-approved
TSC-063,target-system:02d6fad4086dbc3484b2,canonical:563fa74b29f3cadbb1cdb973,ExoMars PanCam 3D Vision and Visualization,ExoMars PanCam 3D Vision and Visualization,10.52202/078357-0047,Adaptive × Large Display,FULL_REPORT_UNAVAILABLE,INACCESSIBLE,Not assessed from a full report.,,,Not assessed from a full report.,,,No lawful full report was available after the frozen identifier-led access pass; metadata was triaged only and is not scientific rejection.,FULL_REPORT_UNAVAILABLE,,,,56,Automated bounded full-report assessment; not independently author-approved
TSC-064,target-system:02d6fad4086dbc3484b2,canonical:563fa74b29f3cadbb1cdb973,ExoMars PanCam 3D Vision and Visualization,ExoMars PanCam 3D Vision and Visualization,10.52202/078357-0047,Immersive × Desktop/Planar,FULL_REPORT_UNAVAILABLE,INACCESSIBLE,Not assessed from a full report.,,,Not assessed from a full report.,,,No lawful full report was available after the frozen identifier-led access pass; metadata was triaged only and is not scientific rejection.,FULL_REPORT_UNAVAILABLE,,,,56,Automated bounded full-report assessment; not independently author-approved
TSC-065,target-system:02d6fad4086dbc3484b2,canonical:563fa74b29f3cadbb1cdb973,ExoMars PanCam 3D Vision and Visualization,ExoMars PanCam 3D Vision and Visualization,10.52202/078357-0047,Immersive × Large Display,FULL_REPORT_UNAVAILABLE,INACCESSIBLE,Not assessed from a full report.,,,Not assessed from a full report.,,,No lawful full report was available after the frozen identifier-led access pass; metadata was triaged only and is not scientific rejection.,FULL_REPORT_UNAVAILABLE,,,,56,Automated bounded full-report assessment; not independently author-approved
TSC-066,target-system:710f279f8f84396fe2eb,canonical:7366088b74693d4e27bc9215,Preoperative planning for jugular‐foramen tumors: Preparation of a three‐dimensional surgical drawing,Preoperative planning for jugular‐foramen tumors: Preparation of a three‐dimensional surgical drawing,10.1002/ima.22630,Immersive × Desktop/Planar,FULL_REPORT_UNAVAILABLE,INACCESSIBLE,Not assessed from a full report.,,,Not assessed from a full report.,,,No lawful full report was available after the frozen identifier-led access pass; metadata was triaged only and is not scientific rejection.,FULL_REPORT_UNAVAILABLE,,,,57,Automated bounded full-report assessment; not independently author-approved
TSC-067,target-system:bfd5bc00656e6a31386c,canonical:78273dc9925569af780b3a83,An Interactive Mixed Reality Imaging System for Minimally Invasive Surgeries,An Interactive Mixed Reality Imaging System for Minimally Invasive Surgeries,10.1145/3220267.3220290,Immersive × Desktop/Planar,FULL_REPORT_UNAVAILABLE,INACCESSIBLE,Not assessed from a full report.,,,Not assessed from a full report.,,,No lawful full report was available after the frozen identifier-led access pass; metadata was triaged only and is not scientific rejection.,FULL_REPORT_UNAVAILABLE,,,,58,Automated bounded full-report assessment; not independently author-approved
TSC-068,target-system:a670286ceba3ace2b47a,canonical:7b010a8c30f88450e5dbf5b4,A physiologically valid simulator for training residents to perform an epidural block,A physiologically valid simulator for training residents to perform an epidural block,10.1109/sbec.1996.493141,Immersive × Desktop/Planar,FULL_REPORT_UNAVAILABLE,INACCESSIBLE,Not assessed from a full report.,,,Not assessed from a full report.,,,No lawful full report was available after the frozen identifier-led access pass; metadata was triaged only and is not scientific rejection.,FULL_REPORT_UNAVAILABLE,,,,59,Automated bounded full-report assessment; not independently author-approved
TSC-069,target-system:5636842fd6bc9e952844,canonical:a293a6df33ff5e1f97c2d3f1,Tongue Display Unit surgical guide,Evaluation of a lingual interface as a passive surgical guiding system,,Immersive × Desktop/Planar,ASSESSED_UNSUPPORTED,EXCLUDED_CONTEXTUAL,Optical tracking compares instrument pose with a preplanned trajectory and encodes error as lingual tactile feedback.,"Selection, Filtering, and Precision Interaction",F,The surgeon executes; tracking computes error and tactile coding; the surgeon corrects motion.,The position of the ancillary is localized by the Polaris and compared with the planned trajectory.,"PDF p. 2, prototype architecture",The GUI controls a nonvisual interventional guide; it does not establish an eligible Desktop/Planar visual-analytic workflow.,FULL_REPORT_ASSESSED,Open-access report linked by OpenAlex,outputs/staging/target-cell-complete-pass-v1-20260926/reports/T060-evaluation-of-a-lingual-interface-as-a-passive-surgical-guiding-system.pdf,ba910554ad4204c42833c20cff68e363c1be143b8faee9bee4025ec88d726dd8,60,Automated bounded full-report assessment; not independently author-approved
TSC-070,target-system:3c87753dfdfb54a7c6c3,canonical:d7de4b176a3a3834c947976c,The effect of virtual reality and training on liver operation planning,The effect of virtual reality and training on liver operation planning.,10.1024/1023-9332.8.2.67,Immersive × Desktop/Planar,FULL_REPORT_UNAVAILABLE,INACCESSIBLE,Not assessed from a full report.,,,Not assessed from a full report.,,,No lawful full report was available after the frozen identifier-led access pass; metadata was triaged only and is not scientific rejection.,FULL_REPORT_UNAVAILABLE,,,,61,Automated bounded full-report assessment; not independently author-approved
TSC-071,target-system:38a70e7932be065f104e,canonical:022b6272ff513252dddc7581; canonical:e8c2d81f9d8dedd797de1e0b,Visualization of three-dimensional ultra-high resolution OCT in virtual reality,Visualization of three-dimensional ultra-high resolution OCT in virtual reality.,,Immersive × Desktop/Planar,FULL_REPORT_UNAVAILABLE,INACCESSIBLE,Not assessed from a full report.,,,Not assessed from a full report.,,,No lawful full report was available after the frozen identifier-led access pass; metadata was triaged only and is not scientific rejection.,FULL_REPORT_UNAVAILABLE,,,,62,Automated bounded full-report assessment; not independently author-approved
TSC-072,target-system:aa5a9c55cae440b76d71,canonical:0a549e0cfff8c1ac6ac81e8a,From molecular dynamics in virtual reality environments to fundamental questions about human-computer interaction,From molecular dynamics in virtual reality environments to fundamental questions about human-computer interaction,10.1109/varms.2015.7151722,Immersive × Desktop/Planar,FULL_REPORT_UNAVAILABLE,INACCESSIBLE,Not assessed from a full report.,,,Not assessed from a full report.,,,No lawful full report was available after the frozen identifier-led access pass; metadata was triaged only and is not scientific rejection.,FULL_REPORT_UNAVAILABLE,,,,63,Automated bounded full-report assessment; not independently author-approved
TSC-073,target-system:ba8e7a4b6344de08b5d4,canonical:0e59ebecbbeb74f5e1e476ba,Medical imaging VR: can immersive 3D aid in diagnosis?,Medical imaging VR: can immersive 3D aid in diagnosis?,10.1145/2993369.2996333,Immersive × Desktop/Planar,FULL_REPORT_UNAVAILABLE,INACCESSIBLE,Not assessed from a full report.,,,Not assessed from a full report.,,,No lawful full report was available after the frozen identifier-led access pass; metadata was triaged only and is not scientific rejection.,FULL_REPORT_UNAVAILABLE,,,,64,Automated bounded full-report assessment; not independently author-approved
TSC-074,target-system:2267d3eb97f4236c93b9,canonical:1f01cfd738882f6395df9fca,Democratizing Upper Limb Rehabilitation,Democratizing Upper Limb Rehabilitation: XR and AI in Every Pocket,10.1109/ismar-adjunct68609.2025.00077,Immersive × Desktop/Planar,FULL_REPORT_UNAVAILABLE,INACCESSIBLE,Not assessed from a full report.,,,Not assessed from a full report.,,,No lawful full report was available after the frozen identifier-led access pass; metadata was triaged only and is not scientific rejection.,FULL_REPORT_UNAVAILABLE,,,,65,Automated bounded full-report assessment; not independently author-approved
TSC-075,target-system:f252a1f2f809ea5c8541,canonical:22c0c4bcfbb96fea1cf9c409,A haptic interface for dose planning in stereo-tactic radiosurgery,A haptic interface for dose planning in stereo-tactic radiosurgery,10.1109/iv.2004.1320145,Immersive × Desktop/Planar,FULL_REPORT_UNAVAILABLE,INACCESSIBLE,Not assessed from a full report.,,,Not assessed from a full report.,,,No lawful full report was available after the frozen identifier-led access pass; metadata was triaged only and is not scientific rejection.,FULL_REPORT_UNAVAILABLE,,,,66,Automated bounded full-report assessment; not independently author-approved
TSC-076,target-system:d349295f1e869c4f6b3e,canonical:469d3ea118b68796a3f2508c,Complex congenital heart defects and thoracic computed tomography in 3D stereoscopic relief: A qualitative assessment,Complex congenital heart defects and thoracic computed tomography in 3D stereoscopic relief: A qualitative assessment,10.1016/j.acvdsp.2020.10.287,Immersive × Desktop/Planar,FULL_REPORT_UNAVAILABLE,INACCESSIBLE,Not assessed from a full report.,,,Not assessed from a full report.,,,No lawful full report was available after the frozen identifier-led access pass; metadata was triaged only and is not scientific rejection.,FULL_REPORT_UNAVAILABLE,,,,67,Automated bounded full-report assessment; not independently author-approved
TSC-077,target-system:6fef0d4693d6b23b4bfc,canonical:586f2d11e9b177f0f56b8ccf,VRAIN: Virtual reality assisted intervention for neuroimaging,VRAIN: Virtual reality assisted intervention for neuroimaging,10.1109/vr.2017.7892382,Immersive × Desktop/Planar,FULL_REPORT_UNAVAILABLE,INACCESSIBLE,Not assessed from a full report.,,,Not assessed from a full report.,,,No lawful full report was available after the frozen identifier-led access pass; metadata was triaged only and is not scientific rejection.,FULL_REPORT_UNAVAILABLE,,,,68,Automated bounded full-report assessment; not independently author-approved
TSC-078,target-system:8a5299c6285edaf990a0,canonical:835c14c5b38cbed443197f9e,Three-Dimensional microscopic surgical videos: a novel and low cost system,Three-Dimensional microscopic surgical videos: a novel and low cost system.,10.1016/j.wneu.2019.08.139,Immersive × Large Display,FULL_REPORT_UNAVAILABLE,INACCESSIBLE,Not assessed from a full report.,,,Not assessed from a full report.,,,No lawful full report was available after the frozen identifier-led access pass; metadata was triaged only and is not scientific rejection.,FULL_REPORT_UNAVAILABLE,,,,69,Automated bounded full-report assessment; not independently author-approved
TSC-079,target-system:f6aa327bcfb51e23b476,canonical:89f292301bd0091db6d04079,A Cosmic View of Life on Earth: Hierarchical Visualization of Biological Data Using Astronomical Software,A Cosmic View of Life on Earth: Hierarchical Visualization of Biological Data Using Astronomical Software,10.1109/mcg.2025.3591713,Immersive × Desktop/Planar,FULL_REPORT_UNAVAILABLE,INACCESSIBLE,Not assessed from a full report.,,,Not assessed from a full report.,,,No lawful full report was available after the frozen identifier-led access pass; metadata was triaged only and is not scientific rejection.,FULL_REPORT_UNAVAILABLE,,,,70,Automated bounded full-report assessment; not independently author-approved
TSC-080,target-system:f6aa327bcfb51e23b476,canonical:89f292301bd0091db6d04079,A Cosmic View of Life on Earth: Hierarchical Visualization of Biological Data Using Astronomical Software,A Cosmic View of Life on Earth: Hierarchical Visualization of Biological Data Using Astronomical Software,10.1109/mcg.2025.3591713,Immersive × Large Display,FULL_REPORT_UNAVAILABLE,INACCESSIBLE,Not assessed from a full report.,,,Not assessed from a full report.,,,No lawful full report was available after the frozen identifier-led access pass; metadata was triaged only and is not scientific rejection.,FULL_REPORT_UNAVAILABLE,,,,70,Automated bounded full-report assessment; not independently author-approved
TSC-081,target-system:792873bd66e68416e803,canonical:a4bf8226d8e0d3d3dd4d09e8,PlayVRehab - Kinect Serious Game for Physical Rehabilitation,PlayVRehab - Kinect Serious Game for Physical Rehabilitation,10.1109/atee66006.2025.11299954,Immersive × Desktop/Planar,FULL_REPORT_UNAVAILABLE,INACCESSIBLE,Not assessed from a full report.,,,Not assessed from a full report.,,,No lawful full report was available after the frozen identifier-led access pass; metadata was triaged only and is not scientific rejection.,FULL_REPORT_UNAVAILABLE,,,,71,Automated bounded full-report assessment; not independently author-approved
TSC-082,target-system:a7927ee259755e2b58f0,canonical:ad45459a71c82832c7a65c10,Evaluation of Interaction Techniques for a Virtual Reality Reading Room in Diagnostic Radiology,Evaluation of Interaction Techniques for a Virtual Reality Reading Room in Diagnostic Radiology,10.1145/3242587.3242636,Immersive × Desktop/Planar,FULL_REPORT_UNAVAILABLE,INACCESSIBLE,Not assessed from a full report.,,,Not assessed from a full report.,,,No lawful full report was available after the frozen identifier-led access pass; metadata was triaged only and is not scientific rejection.,FULL_REPORT_UNAVAILABLE,,,,72,Automated bounded full-report assessment; not independently author-approved
TSC-083,target-system:2b1dfaf317aae725cef5,canonical:b1537db0fb32127764055496,Augmented Reality for Supporting Real Time Telementoring: an Exploratory Study Applied to Ultrasonography,Augmented Reality for Supporting Real Time Telementoring: an Exploratory Study Applied to Ultrasonography,10.1145/3239438.3239444,Immersive × Desktop/Planar,FULL_REPORT_UNAVAILABLE,INACCESSIBLE,Not assessed from a full report.,,,Not assessed from a full report.,,,No lawful full report was available after the frozen identifier-led access pass; metadata was triaged only and is not scientific rejection.,FULL_REPORT_UNAVAILABLE,,,,73,Automated bounded full-report assessment; not independently author-approved
TSC-084,target-system:753cdcdf82573c160300,canonical:e2fbfaf42873b18d4e60c5d7,Liver segmentation in contrast enhanced CT data using graph cuts and interactive 3D segmentation refinement methods,Liver segmentation in contrast enhanced CT data using graph cuts and interactive 3D segmentation refinement methods.,10.1118/1.3682171,Immersive × Desktop/Planar,FULL_REPORT_UNAVAILABLE,INACCESSIBLE,Not assessed from a full report.,,,Not assessed from a full report.,,,No lawful full report was available after the frozen identifier-led access pass; metadata was triaged only and is not scientific rejection.,FULL_REPORT_UNAVAILABLE,,,,74,Automated bounded full-report assessment; not independently author-approved
TSC-085,target-system:c89c1742d9c43b02c746,canonical:e4b6be59a4c55d797d0abada,Molecular Interactions Using New Technology: A Virtual Reality Gaming Platform to Visualize and Manipulate Molecules,Molecular Interactions Using New Technology: A Virtual Reality Gaming Platform to Visualize and Manipulate Molecules,10.26434/chemrxiv.9889994.v1,Immersive × Desktop/Planar,FULL_REPORT_UNAVAILABLE,INACCESSIBLE,Not assessed from a full report.,,,Not assessed from a full report.,,,No lawful full report was available after the frozen identifier-led access pass; metadata was triaged only and is not scientific rejection.,FULL_REPORT_UNAVAILABLE,,,,75,Automated bounded full-report assessment; not independently author-approved
TSC-086,target-system:5ca38b638089abbe6641,canonical:e9b2c04120e20d38438cc51b,Veterinary AR annotation,Assessment of Augmented Reality Glasses for Spatial Tracking and Intraoperative Annotation in Veterinary Surgery,10.64898/2025.12.18.695281,Immersive × Desktop/Planar,ASSESSED_UNSUPPORTED,EXCLUDED_CONTEXTUAL,AR glasses render and track annotations directly on a dog-head hologram.,"Selection, Filtering, and Precision Interaction",F,The clinician specifies annotations; AR tracking registers them; the clinician interprets and corrects.,We developed an AR application in Unity compatible with XReal glasses that allowed users to annotate and interact with a realistic 3D hologram.,"PDF p. 2, Abstract lines 19–23",The desktop screen is a transfer-memory comparator; implemented spatial tracking operates in AR and evaluates surgical annotation rather than analysis.,FULL_REPORT_ASSESSED,Publisher report exposed by citation metadata,outputs/staging/target-cell-complete-pass-v1-20260926/reports/T076-assessment-of-augmented-reality-glasses-for-spatial-tracking-and-intraoperativ.pdf,a7308a1c9e7f88482121b4dfe5e8164e81b5c6260659b1c35a4353c8dff66140,76,Automated bounded full-report assessment; not independently author-approved
TSC-087,target-system:7f2e7b9a219eaf1539d6,canonical:ec0e43fce7fafb6c693e8dc2,Semantic molecular-analysis pipeline,Semantics for an Integrative and Immersive Pipeline Combining Visualization and Analysis of Molecular Data,10.1515/jib-2018-0004,Immersive × Desktop/Planar,ASSESSED_UNSUPPORTED,ELIGIBLE,"An ontology links molecular objects, analytical values, and context to propose task-suitable analyses in immersive environments.","Navigation and Multiscale Orientation; Comparison and Differentiation; Selection, Filtering, and Precision Interaction; Sensemaking and Hypothesis Development",NCFS,"The analyst defines task/context; semantic reasoning proposes actions; the analyst chooses, interprets, and corrects.",An OWL-based ontology was implemented as the core of the platform.,Semantic representation section ¶9; proof-of-concept Conclusion ¶8,"The report implements a proof of concept for immersive/CAVE, AR, and screen-wall contexts; it does not demonstrate the target assistance mechanism in Desktop/Planar.",FULL_REPORT_ASSESSED,Europe PMC full-text XML (PMC6167042),outputs/staging/target-cell-complete-pass-v1-20260926/reports/T077-semantics-for-an-integrative-and-immersive-pipeline-combining-visualization-an.xml,7efb6fcc3e14ec79fe705142048e0f8dded0c441535fcd042aa458fb9c05aa36,77,Automated bounded full-report assessment; not independently author-approved
TSC-088,target-system:c408f43184a84291f1c5,canonical:114516862d9438f3b29f1290,RATS VR planning system,Developing a Virtual Reality Simulation System for Preoperative Planning of Robotic-Assisted Thoracic Surgery.,10.3390/jcm13020611,Immersive × Large Display,ASSESSED_UNSUPPORTED,ELIGIBLE,Patient CT-derived anatomy is explored and manipulated in a VR headset for thoracic surgical planning.,"Navigation and Multiscale Orientation; Selection, Filtering, and Precision Interaction; Sensemaking and Hypothesis Development",NFS,The surgeon plans and interprets; the system renders/reconstructs; the surgeon revises.,Developing a Virtual Reality Simulation System for Preoperative Planning of Robotic-Assisted Thoracic Surgery.,Title; Methods and Results,"The machine-coded target is Large Display, but the implemented report-level workflow is VR.",FULL_REPORT_ASSESSED,Europe PMC full-text XML (PMC10817249),outputs/staging/candidate-census-full-report-expansion-v1-20260925/reports/X004-developing-a-virtual-reality-simulation-system-for-preoperative-planning-of.xml,08980dafa855ca1183353db4d426790f4b536f92f6d7738c394922ec87b1a392,78,Automated bounded full-report assessment; not independently author-approved
TSC-089,target-system:56cc4d545140673d5c88,canonical:3247c56ea183f71495bb910a,Automated atlas integration and interactive three-dimensional visualization tools for planning and guidance in functional neurosurgery,Automated atlas integration and interactive three-dimensional visualization tools for planning and guidance in functional neurosurgery,10.1109/42.736017,Immersive × Desktop/Planar,FULL_REPORT_UNAVAILABLE,INACCESSIBLE,Not assessed from a full report.,,,Not assessed from a full report.,,,No lawful full report was available after the frozen identifier-led access pass; metadata was triaged only and is not scientific rejection.,FULL_REPORT_UNAVAILABLE,,,,79,Automated bounded full-report assessment; not independently author-approved
TSC-090,target-system:004b22276c0d272273b5,canonical:437ebe80281d4fbbc94953b6,Oneiris: An AI-augmented Brain-Computer Interface for Exploring Personal and Collective Dreamscapes,Oneiris: An AI-augmented Brain-Computer Interface for Exploring Personal and Collective Dreamscapes,10.1145/3749893.3749963,Adaptive × Large Display,FULL_REPORT_UNAVAILABLE,INACCESSIBLE,Not assessed from a full report.,,,Not assessed from a full report.,,,No lawful full report was available after the frozen identifier-led access pass; metadata was triaged only and is not scientific rejection.,FULL_REPORT_UNAVAILABLE,,,,80,Automated bounded full-report assessment; not independently author-approved
TSC-091,target-system:e4b70a9030ab5c595d4d,canonical:743b3cd36d4e85c36ba47f11,On the Use of Virtual Reality in Visualizing Interactive Network Models for Big Data,On the Use of Virtual Reality in Visualizing Interactive Network Models for Big Data,10.1109/iccitm56309.2022.10031631,Immersive × Desktop/Planar,FULL_REPORT_UNAVAILABLE,INACCESSIBLE,Not assessed from a full report.,,,Not assessed from a full report.,,,No lawful full report was available after the frozen identifier-led access pass; metadata was triaged only and is not scientific rejection.,FULL_REPORT_UNAVAILABLE,,,,81,Automated bounded full-report assessment; not independently author-approved
TSC-092,target-system:ed3eb65f832f63101fd9,canonical:79e479238765f5f26a5855a1,Creating 3D Cerebral Cortex Stereoscopic Anatomic Model for Virtual Learning,Creating 3D Cerebral Cortex Stereoscopic Anatomic Model for Virtual Learning,10.1096/fasebj.2021.35.s1.01691,Immersive × Desktop/Planar,FULL_REPORT_UNAVAILABLE,INACCESSIBLE,Not assessed from a full report.,,,Not assessed from a full report.,,,No lawful full report was available after the frozen identifier-led access pass; metadata was triaged only and is not scientific rejection.,FULL_REPORT_UNAVAILABLE,,,,82,Automated bounded full-report assessment; not independently author-approved
TSC-093,target-system:baa6749c84c8c1eb0079,canonical:95dbca9f175060471e489625,Stereoscopic Visualization and 3-D Technologies in Medical Endoscopic Teleoperation,Stereoscopic Visualization and 3-D Technologies in Medical Endoscopic Teleoperation,10.1109/tie.2014.2334675,Immersive × Desktop/Planar,FULL_REPORT_UNAVAILABLE,INACCESSIBLE,Not assessed from a full report.,,,Not assessed from a full report.,,,No lawful full report was available after the frozen identifier-led access pass; metadata was triaged only and is not scientific rejection.,FULL_REPORT_UNAVAILABLE,,,,83,Automated bounded full-report assessment; not independently author-approved
TSC-094,target-system:baa6749c84c8c1eb0079,canonical:95dbca9f175060471e489625,Stereoscopic Visualization and 3-D Technologies in Medical Endoscopic Teleoperation,Stereoscopic Visualization and 3-D Technologies in Medical Endoscopic Teleoperation,10.1109/tie.2014.2334675,Immersive × Large Display,FULL_REPORT_UNAVAILABLE,INACCESSIBLE,Not assessed from a full report.,,,Not assessed from a full report.,,,No lawful full report was available after the frozen identifier-led access pass; metadata was triaged only and is not scientific rejection.,FULL_REPORT_UNAVAILABLE,,,,83,Automated bounded full-report assessment; not independently author-approved
TSC-095,target-system:e0ecec1e4216ba8403e3,canonical:a961435aa639268dd7d41a0e,KEBAP: A Semantic Key Enabling Beverage and Appetite Platform enriched with Virtual Reality,KEBAP: A Semantic Key Enabling Beverage and Appetite Platform enriched with Virtual Reality,10.1109/smc.2019.8913947,Immersive × Desktop/Planar,FULL_REPORT_UNAVAILABLE,INACCESSIBLE,Not assessed from a full report.,,,Not assessed from a full report.,,,No lawful full report was available after the frozen identifier-led access pass; metadata was triaged only and is not scientific rejection.,FULL_REPORT_UNAVAILABLE,,,,84,Automated bounded full-report assessment; not independently author-approved
TSC-096,target-system:e656aaa2d3f5a3c0666d,canonical:b72aec0183c34e18f5430c26,Spatiotemporal-aware orthopedic AR,Development and Pre-Clinical Analysis of Spatiotemporal-Aware Augmented Reality in Orthopedic Interventions,10.1109/tmi.2020.3037013,Immersive × Desktop/Planar,ASSESSED_UNSUPPORTED,EXCLUDED_CONTEXTUAL,"C-arm geometry, user pose, and image frustums are registered in a HoloLens environment for orthopedic intervention planning.","Selection, Filtering, and Precision Interaction",F,Surgeons plan and execute; calibration/frustum computation updates guidance; surgeons interpret and correct.,Eight orthopedic surgeons and residents performed two surgically relevant tasks while utilizing interactive flying frustums in an immersive AR environment.,"PDF p. 8, Experiments","The spatially aware mechanism is strong but HMD-bound and interventional; the conventional display is a baseline, not the target Desktop/Planar workflow.",FULL_REPORT_ASSESSED,Open-access report linked by OpenAlex,outputs/staging/target-cell-complete-pass-v1-20260926/reports/T085-development-and-pre-clinical-analysis-of-spatiotemporal-aware-augmented-realit.pdf,5e0ce21fb5aba89bfb17088a2443d0a7a60102d97fa85452a3ae09b04c252983,85,Automated bounded full-report assessment; not independently author-approved
TSC-097,target-system:b1e3864a648fcce11b9c,canonical:b8314d2a3c198e5f4fb7f81c,Utilizing Virtual Reality for Environmental Impact Assessment in Engineering Projects,Utilizing Virtual Reality for Environmental Impact Assessment in Engineering Projects,10.1109/etecom66111.2025.11319076,Immersive × Desktop/Planar,FULL_REPORT_UNAVAILABLE,INACCESSIBLE,Not assessed from a full report.,,,Not assessed from a full report.,,,No lawful full report was available after the frozen identifier-led access pass; metadata was triaged only and is not scientific rejection.,FULL_REPORT_UNAVAILABLE,,,,86,Automated bounded full-report assessment; not independently author-approved
TSC-098,target-system:059c842a2b9995759e3f,canonical:cb4ea585aea3b9a34da3791f,XR surgical telepresence,Telepresence for surgical assistance and training using eXtended reality during and after pandemic periods.,10.1177/1357633x231166226,Immersive × Desktop/Planar,ASSESSED_UNSUPPORTED,EXCLUDED_CONTEXTUAL,XR telepresence transmits remote assistance and training cues in an extended-reality surgical setting.,Coordination and Collaborative Reasoning,R,Remote/local clinicians coordinate and interpret; the system transmits cues; the local operator executes/corrects.,Telepresence for surgical assistance and training using eXtended reality during and after pandemic periods.,Title; Methods,"The implemented mechanism is XR telepresence/training, not Desktop/Planar life-science analysis.",FULL_REPORT_ASSESSED,Europe PMC full-text XML (PMC11626847),outputs/staging/candidate-census-full-report-expansion-v1-20260925/reports/X149-telepresence-for-surgical-assistance-and-training-using-extended-reality-during.xml,387f2523acf9a3395b3b3a0fa209e7b7d9be662477bdbe07d6c097cf73ad5ed7,87,Automated bounded full-report assessment; not independently author-approved
TSC-099,target-system:08a8d546b6bf0ad54b3c,canonical:cd6ad6ac2823f02b80e2d8c0,3D endoscopy case series,Evaluating the advantages and limitations of three-dimensional (3D) endoscopy as an innovative tool in spine surgery for degenerative pathologies: a case series,10.21037/jss-2026-1-0054,Immersive × Desktop/Planar,ASSESSED_UNSUPPORTED,EXCLUDED_CONTEXTUAL,A stereoscopic endoscopic image provides depth cues during spine surgery.,Navigation and Multiscale Orientation,N,The surgeon executes and interprets; the endoscope displays; no qualifying assistance changes with context.,Evaluating the advantages and limitations of three-dimensional (3D) endoscopy as an innovative tool in spine surgery,Title; case-series Methods,"Stereoscopic display alone does not establish computational use of spatial context, and the case series is interventional rather than analytical.",FULL_REPORT_ASSESSED,Europe PMC full-text XML (PMC13351961),outputs/staging/target-cell-complete-pass-v1-20260926/reports/T088-evaluating-the-advantages-and-limitations-of-three-dimensional-3d-endoscopy-as.xml,d6a22ea960c72f0468e37986b44dc3a242079229fb80ddfa9a98314fceb8b9cd,88,Automated bounded full-report assessment; not independently author-approved
TSC-100,target-system:8c1518a6028501a9fd19,canonical:d075dcc48e1cd2dc1f2cfbb2,A Digital Twin-Driven Immersive Teleoperation Framework for Robot-Assisted Microsurgery,A Digital Twin-Driven Immersive Teleoperation Framework for Robot-Assisted Microsurgery,10.1109/iros58592.2024.10801954,Immersive × Desktop/Planar,FULL_REPORT_UNAVAILABLE,INACCESSIBLE,Not assessed from a full report.,,,Not assessed from a full report.,,,No lawful full report was available after the frozen identifier-led access pass; metadata was triaged only and is not scientific rejection.,FULL_REPORT_UNAVAILABLE,,,,89,Automated bounded full-report assessment; not independently author-approved
TSC-101,target-system:a27d16253ea42e45f839,canonical:eaeb70c4e532627ac8e8c9ae,Interactive Occlusion-Free System for Accessible Volume Exploration,Interactive Occlusion-Free System for Accessible Volume Exploration,10.1109/access.2023.3301567,Adaptive × Large Display,FULL_REPORT_UNAVAILABLE,INACCESSIBLE,Not assessed from a full report.,,,Not assessed from a full report.,,,No lawful full report was available after the frozen identifier-led access pass; metadata was triaged only and is not scientific rejection.,FULL_REPORT_UNAVAILABLE,,,,90,Automated bounded full-report assessment; not independently author-approved
TSC-102,target-system:350715a0d57979eee84c,canonical:0156030134fc0cc8ebad433b,Immersive Technologies for Human-in-the-Loop Lunar Surface Simulations,Immersive Technologies for Human-in-the-Loop Lunar Surface Simulations,10.1109/aero58975.2024.10521209,Immersive × Large Display,FULL_REPORT_UNAVAILABLE,INACCESSIBLE,Not assessed from a full report.,,,Not assessed from a full report.,,,No lawful full report was available after the frozen identifier-led access pass; metadata was triaged only and is not scientific rejection.,FULL_REPORT_UNAVAILABLE,,,,91,Automated bounded full-report assessment; not independently author-approved
TSC-103,target-system:44221483b60cfdb3d918,canonical:22916f3b4153841993519e82,Interactive Virtual Ankle Movement Controlled by Wrist sEMG Improves Motor Imagery: An Exploratory Study,Interactive Virtual Ankle Movement Controlled by Wrist sEMG Improves Motor Imagery: An Exploratory Study.,10.1109/tvcg.2023.3294342,Immersive × Desktop/Planar,FULL_REPORT_UNAVAILABLE,INACCESSIBLE,Not assessed from a full report.,,,Not assessed from a full report.,,,No lawful full report was available after the frozen identifier-led access pass; metadata was triaged only and is not scientific rejection.,FULL_REPORT_UNAVAILABLE,,,,92,Automated bounded full-report assessment; not independently author-approved
TSC-104,target-system:d8c6c50ad45fb99abd09,canonical:77753a58f6fa80a224601579,An Enhanced Approaches for Interaction Design GIS with Virtual Reality,An Enhanced Approaches for Interaction Design GIS with Virtual Reality,10.1109/aece62803.2024.10911068,Immersive × Desktop/Planar,FULL_REPORT_UNAVAILABLE,INACCESSIBLE,Not assessed from a full report.,,,Not assessed from a full report.,,,No lawful full report was available after the frozen identifier-led access pass; metadata was triaged only and is not scientific rejection.,FULL_REPORT_UNAVAILABLE,,,,93,Automated bounded full-report assessment; not independently author-approved
TSC-105,target-system:0560c75f2ee951a501e1,canonical:8121289a8f1e16cae51ff814,Hybrid orthopedic navigation interface,Hybrid navigation interface for orthopedic and trauma surgery.,10.1007/11866565_46,Immersive × Desktop/Planar,ASSESSED_UNSUPPORTED,EXCLUDED_CONTEXTUAL,Tracked surgical navigation combines conventional and augmented views for trauma/orthopedic execution.,"Selection, Filtering, and Precision Interaction",F,The surgeon executes; tracking supplies navigation; the surgeon interprets/corrects.,Hybrid navigation interface for orthopedic and trauma surgery.,Title; system description,The report concerns interventional navigation; it does not evidence eligible analytic assistance operating in Desktop/Planar.,FULL_REPORT_ASSESSED,Open-access report linked by OpenAlex,outputs/staging/target-cell-complete-pass-v1-20260926/reports/T094-hybrid-navigation-interface-for-orthopedic-and-trauma-surgery.pdf,026205f91c099865358f0e4b7bf9a37b787a36aa2f0a0367de2c45dcabdc9fa3,94,Automated bounded full-report assessment; not independently author-approved
TSC-106,target-system:79ab3bbcb4545eda299d,canonical:87d0473116d5c3e0b12fdf3f,Immersive Reachability Planning for the Excavation of Cultural Heritage Objects,Immersive Reachability Planning for the Excavation of Cultural Heritage Objects,10.1145/3811427.3811471,Immersive × Desktop/Planar,FULL_REPORT_UNAVAILABLE,INACCESSIBLE,Not assessed from a full report.,,,Not assessed from a full report.,,,No lawful full report was available after the frozen identifier-led access pass; metadata was triaged only and is not scientific rejection.,FULL_REPORT_UNAVAILABLE,,,,95,Automated bounded full-report assessment; not independently author-approved
TSC-107,target-system:4c4a4ab641d51c16f1a7,canonical:8b759a348b3845709d91dacf,Development and evaluation of an immersive virtual reality system for medical imaging of the ear,Development and evaluation of an immersive virtual reality system for medical imaging of the ear,10.1117/12.2506178,Immersive × Desktop/Planar,FULL_REPORT_UNAVAILABLE,INACCESSIBLE,Not assessed from a full report.,,,Not assessed from a full report.,,,No lawful full report was available after the frozen identifier-led access pass; metadata was triaged only and is not scientific rejection.,FULL_REPORT_UNAVAILABLE,,,,96,Automated bounded full-report assessment; not independently author-approved
TSC-108,target-system:e084033a23456a8ecb43,canonical:9c90a252d45d8983de606626,Augmented Reality Guided Laparoscopic Liver Resection: A Phantom Study With Intraparenchymal Tumors,Augmented Reality Guided Laparoscopic Liver Resection: A Phantom Study With Intraparenchymal Tumors.,10.1016/j.jss.2023.12.014,Immersive × Desktop/Planar,FULL_REPORT_UNAVAILABLE,INACCESSIBLE,Not assessed from a full report.,,,Not assessed from a full report.,,,No lawful full report was available after the frozen identifier-led access pass; metadata was triaged only and is not scientific rejection.,FULL_REPORT_UNAVAILABLE,,,,97,Automated bounded full-report assessment; not independently author-approved
TSC-109,target-system:beffcff201eb6fe83678,canonical:9c98248e2424c2a9f0d8c7be,PIT+: A Smart Toothbrush With View-Adaptive Plaque Visualization,PIT+: A Smart Toothbrush With View-Adaptive Plaque Visualization,10.1109/tmc.2026.3684206,Immersive × Desktop/Planar,FULL_REPORT_UNAVAILABLE,INACCESSIBLE,Not assessed from a full report.,,,Not assessed from a full report.,,,No lawful full report was available after the frozen identifier-led access pass; metadata was triaged only and is not scientific rejection.,FULL_REPORT_UNAVAILABLE,,,,98,Automated bounded full-report assessment; not independently author-approved
TSC-110,target-system:74f7877fd92eb345914b,canonical:b79b1b7c2875648e241c7bce,Trajectory stacking,Stacking-Based Visualization of Trajectory Attribute Data,10.1109/tvcg.2012.265,Immersive × Desktop/Planar,ASSESSED_UNSUPPORTED,EXCLUDED_CONTEXTUAL,A hybrid 2D/3D desktop view stacks trajectory bands with dynamic temporal queries and coordinated highlighting.,"Navigation and Multiscale Orientation; Comparison and Differentiation; Selection, Filtering, and Precision Interaction; Sensemaking and Hypothesis Development",NCFS,The analyst selects/queries; aggregation executes; the analyst interprets and revises.,"We demonstrate the usefulness ... by three examples related to radiation surveillance, traffic analysis, and maritime navigation.","PDF pp. 1–2, Abstract and contribution summary","The report is not a life-science workflow, and 3D navigation/direct manipulation does not independently establish Immersive assistance.",FULL_REPORT_ASSESSED,Open-access report linked by OpenAlex,outputs/staging/target-cell-complete-pass-v1-20260926/reports/T099-stacking-based-visualization-of-trajectory-attribute-data.pdf,80598845172318d50f41152d1f21e1ea302ba0789f72ee67323e7c444f453505,99,Automated bounded full-report assessment; not independently author-approved
TSC-111,target-system:916eab4d457e6ded9f4b,canonical:e0f442040237d12de27a52db,A VR-Based Neuron Tracing Approach for Enhanced Efficiency,A VR-Based Neuron Tracing Approach for Enhanced Efficiency,10.1109/iccea62105.2024.10603820,Immersive × Desktop/Planar,FULL_REPORT_UNAVAILABLE,INACCESSIBLE,Not assessed from a full report.,,,Not assessed from a full report.,,,No lawful full report was available after the frozen identifier-led access pass; metadata was triaged only and is not scientific rejection.,FULL_REPORT_UNAVAILABLE,,,,100,Automated bounded full-report assessment; not independently author-approved
TSC-112,target-system:cfbc697679e1ac179fbb,canonical:0a626e1a7a91b579ca460d89,MP35-08 IMMERSIVE VIRTUAL REALITY (IVR) RENAL MODELS AS AN EDUCATIONAL AND PREOPERATIVE PLANNING TOOL FOR LAPAROSCOPIC DONOR NEPHRECTOMY: INITIAL EXPERIENCE,MP35-08 IMMERSIVE VIRTUAL REALITY (IVR) RENAL MODELS AS AN EDUCATIONAL AND PREOPERATIVE PLANNING TOOL FOR LAPAROSCOPIC DONOR NEPHRECTOMY: INITIAL EXPERIENCE,10.1097/01.ju.0000555998.71874.c4,Immersive × Desktop/Planar,FULL_REPORT_UNAVAILABLE,INACCESSIBLE,Not assessed from a full report.,,,Not assessed from a full report.,,,No lawful full report was available after the frozen identifier-led access pass; metadata was triaged only and is not scientific rejection.,FULL_REPORT_UNAVAILABLE,,,,101,Automated bounded full-report assessment; not independently author-approved
TSC-113,target-system:7e7d5c582ba2dccf0292,canonical:0b3f6d2cdee913bb4e0b3f3f,Multiple brain atlas database and atlas-based neuroimaging system,Multiple brain atlas database and atlas-based neuroimaging system.,10.1002/(sici)1097-0150(1997)2:1,Immersive × Desktop/Planar,FULL_REPORT_UNAVAILABLE,INACCESSIBLE,Not assessed from a full report.,,,Not assessed from a full report.,,,No lawful full report was available after the frozen identifier-led access pass; metadata was triaged only and is not scientific rejection.,FULL_REPORT_UNAVAILABLE,,,,102,Automated bounded full-report assessment; not independently author-approved
TSC-114,target-system:50ca9b78c0cc5918c98d,canonical:3b126829bae47afd3cce564b,An explorational exhibit of a pig's heart,An explorational exhibit of a pig's heart,10.1145/1186954.1187111,Adaptive × Large Display,FULL_REPORT_UNAVAILABLE,INACCESSIBLE,Not assessed from a full report.,,,Not assessed from a full report.,,,No lawful full report was available after the frozen identifier-led access pass; metadata was triaged only and is not scientific rejection.,FULL_REPORT_UNAVAILABLE,,,,103,Automated bounded full-report assessment; not independently author-approved
TSC-115,target-system:50ca9b78c0cc5918c98d,canonical:3b126829bae47afd3cce564b,An explorational exhibit of a pig's heart,An explorational exhibit of a pig's heart,10.1145/1186954.1187111,Immersive × Large Display,FULL_REPORT_UNAVAILABLE,INACCESSIBLE,Not assessed from a full report.,,,Not assessed from a full report.,,,No lawful full report was available after the frozen identifier-led access pass; metadata was triaged only and is not scientific rejection.,FULL_REPORT_UNAVAILABLE,,,,103,Automated bounded full-report assessment; not independently author-approved
TSC-116,target-system:2f2b7381a7e87419834c,canonical:6b51c88fbeaeff1c6fcabf33,Digitalised remote-delivery of AVATr Simulation in Psychiatry: a unique success in COVID-19 pandemic,Digitalised remote-delivery of AVATr Simulation in Psychiatry: a unique success in COVID-19 pandemic,10.1192/bjo.2021.411,Adaptive × Large Display,FULL_REPORT_UNAVAILABLE,INACCESSIBLE,Not assessed from a full report.,,,Not assessed from a full report.,,,No lawful full report was available after the frozen identifier-led access pass; metadata was triaged only and is not scientific rejection.,FULL_REPORT_UNAVAILABLE,abstract/proceedings item only; not a full report,,,104,Automated bounded full-report assessment; not independently author-approved
TSC-117,target-system:2f2b7381a7e87419834c,canonical:6b51c88fbeaeff1c6fcabf33,Digitalised remote-delivery of AVATr Simulation in Psychiatry: a unique success in COVID-19 pandemic,Digitalised remote-delivery of AVATr Simulation in Psychiatry: a unique success in COVID-19 pandemic,10.1192/bjo.2021.411,Immersive × Large Display,FULL_REPORT_UNAVAILABLE,INACCESSIBLE,Not assessed from a full report.,,,Not assessed from a full report.,,,No lawful full report was available after the frozen identifier-led access pass; metadata was triaged only and is not scientific rejection.,FULL_REPORT_UNAVAILABLE,abstract/proceedings item only; not a full report,,,104,Automated bounded full-report assessment; not independently author-approved
TSC-118,target-system:1eb07e4b2998a5539f7f,canonical:8161dd44dbb2356ba2b732fe,Transforming Medical Research with Immersive 3D Visualization and Augmented Reality for Cancer and Beyond,Transforming Medical Research with Immersive 3D Visualization and Augmented Reality for Cancer and Beyond,10.1109/emergin63207.2024.10961732,Immersive × Desktop/Planar,FULL_REPORT_UNAVAILABLE,INACCESSIBLE,Not assessed from a full report.,,,Not assessed from a full report.,,,No lawful full report was available after the frozen identifier-led access pass; metadata was triaged only and is not scientific rejection.,FULL_REPORT_UNAVAILABLE,,,,105,Automated bounded full-report assessment; not independently author-approved
TSC-119,target-system:63eb85391ed5c2fa7a24,canonical:8831231954b9058734a9560e,Simulation of soft-tissue tumor excisions: a multimodal interactive approach,Simulation of soft-tissue tumor excisions: a multimodal interactive approach.,10.3233/978-1-60750-883-0-125,Immersive × Desktop/Planar,FULL_REPORT_UNAVAILABLE,INACCESSIBLE,Not assessed from a full report.,,,Not assessed from a full report.,,,No lawful full report was available after the frozen identifier-led access pass; metadata was triaged only and is not scientific rejection.,FULL_REPORT_UNAVAILABLE,,,,106,Automated bounded full-report assessment; not independently author-approved
TSC-120,target-system:283fc84eaeffb5288af0,canonical:c24465fd074d5b6f72fec168,3D brain-MRI training viewer,Interactive Manipulation and Visualization of 3D Brain MRI for Surgical Training,10.1109/embc53108.2024.10782805,Immersive × Desktop/Planar,ASSESSED_UNSUPPORTED,EXCLUDED_CONTEXTUAL,SynthSeg and surface reconstruction feed browser-based 2D/3D views designed for surgical training.,"Navigation and Multiscale Orientation; Selection, Filtering, and Precision Interaction",NF,The trainee manipulates/views; segmentation/reconstruction execute; interpretation is user-led.,It was originally designed and implemented for haptic feedback simulation in surgical training.,"PDF p. 2, Abstract","The report demonstrates planar visualization and upstream algorithms, but not computation responding to spatial/embodied context; clinical analysis is proposed potential.",FULL_REPORT_ASSESSED,Open-access report linked by OpenAlex,outputs/staging/target-cell-complete-pass-v1-20260926/reports/T107-interactive-manipulation-and-visualization-of-3d-brain-mri-for-surgical-traini.pdf,7842100f292f198ac4b50429968b95b49a6e6dfaada2ca96ed7de421f7b03b6b,107,Automated bounded full-report assessment; not independently author-approved
TSC-121,target-system:534f2aea6181658f2557,canonical:c3ca9ebd5a7861f8de8c7fd2,Effects of haptic and graphical force feedback on teleoperated palpation,Effects of haptic and graphical force feedback on teleoperated palpation,10.1109/robot.2009.5152705,Immersive × Desktop/Planar,FULL_REPORT_UNAVAILABLE,INACCESSIBLE,Not assessed from a full report.,,,Not assessed from a full report.,,,No lawful full report was available after the frozen identifier-led access pass; metadata was triaged only and is not scientific rejection.,FULL_REPORT_UNAVAILABLE,,,,108,Automated bounded full-report assessment; not independently author-approved
TSC-122,target-system:ca523654a96ed98e9345,canonical:d79e062a272f7237ad678325,First evaluation of augmented and mixed reality in open liver surgery,First evaluation of augmented and mixed reality in open liver surgery.,10.1080/13645706.2026.2672446,Immersive × Desktop/Planar,FULL_REPORT_UNAVAILABLE,INACCESSIBLE,Not assessed from a full report.,,,Not assessed from a full report.,,,No lawful full report was available after the frozen identifier-led access pass; metadata was triaged only and is not scientific rejection.,FULL_REPORT_UNAVAILABLE,,,,109,Automated bounded full-report assessment; not independently author-approved
TSC-123,target-system:c9d4682ac22db23921d4,canonical:db3b2290a77f982befe727cf,Patient-specific Virtual Simulation-A State of the Art Approach to Teach Renal Tumor Localization,Patient-specific Virtual Simulation-A State of the Art Approach to Teach Renal Tumor Localization.,10.1016/j.urology.2018.04.043,Immersive × Desktop/Planar,FULL_REPORT_UNAVAILABLE,INACCESSIBLE,Not assessed from a full report.,,,Not assessed from a full report.,,,No lawful full report was available after the frozen identifier-led access pass; metadata was triaged only and is not scientific rejection.,FULL_REPORT_UNAVAILABLE,,,,110,Automated bounded full-report assessment; not independently author-approved
TSC-124,target-system:43f74e37c2ad55b46c04,canonical:f5c43ae5153df2d2f6337181,pCubee: a perspective-corrected handheld cubic display,pCubee: a perspective-corrected handheld cubic display,10.1145/1753326.1753535,Immersive × Desktop/Planar,FULL_REPORT_UNAVAILABLE,INACCESSIBLE,Not assessed from a full report.,,,Not assessed from a full report.,,,No lawful full report was available after the frozen identifier-led access pass; metadata was triaged only and is not scientific rejection.,FULL_REPORT_UNAVAILABLE,,,,111,Automated bounded full-report assessment; not independently author-approved
TSC-125,target-system:f01ec68db62496e63a32,canonical:18e55520c87f3dca00e69fff,A Mixed Reality Approach for Merging Abstract and Concrete Knowledge,A Mixed Reality Approach for Merging Abstract and Concrete Knowledge,10.1109/vr.2008.4480746,Immersive × Desktop/Planar,FULL_REPORT_UNAVAILABLE,INACCESSIBLE,Not assessed from a full report.,,,Not assessed from a full report.,,,No lawful full report was available after the frozen identifier-led access pass; metadata was triaged only and is not scientific rejection.,FULL_REPORT_UNAVAILABLE,,,,112,Automated bounded full-report assessment; not independently author-approved
TSC-126,target-system:ff2e299f1e66dcd298d4,canonical:1f60fe19c112a1346f89b20f,Project GROPEHaptic displays for scientific visualization,Project GROPEHaptic displays for scientific visualization,10.1145/97879.97899,Immersive × Desktop/Planar,FULL_REPORT_UNAVAILABLE,INACCESSIBLE,Not assessed from a full report.,,,Not assessed from a full report.,,,No lawful full report was available after the frozen identifier-led access pass; metadata was triaged only and is not scientific rejection.,FULL_REPORT_UNAVAILABLE,,,,113,Automated bounded full-report assessment; not independently author-approved
TSC-127,target-system:b3f64712d01024f54c1e,canonical:67069d127bd284017e78f9a0,Mobile brain/heart imaging design study,AN INTEGRATED APPROACH TO USER-CENTERED DESIGN: MOBILE BRAIN/HEART IMAGING IN VIRTUAL REALITY,10.2495/arc220171,Immersive × Desktop/Planar,ASSESSED_UNSUPPORTED,EXCLUDED_CONTEXTUAL,EEG/HRV are recorded while architecture students navigate a 360-degree design panorama on a laptop.,Comparison and Differentiation,C,Participants navigate and report; sensors record; researchers interpret after the task.,The students sat ... navigating the best proposal panorama on a full HD laptop screen wearing EEG headband.,"PDF p. 1, Abstract","This is an architecture/user-experience study, not an eligible life-science analytical workflow; physiological recording does not tailor the display.",FULL_REPORT_ASSESSED,Open-access report linked by OpenAlex,outputs/staging/target-cell-complete-pass-v1-20260926/reports/T114-an-integrated-approach-to-user-centered-design-mobile-brain-heart-imaging-in-v.pdf,6201b89ceec6dd56609aa3c31bc0f50085f4cf615dccccdf1f24f1b58fce6a42,114,Automated bounded full-report assessment; not independently author-approved
TSC-128,target-system:deb30a8f1fa892433b9a,canonical:715643fe1cfb8867bd4632a2,XR 6-DOF catheter trainer,"Advanced XR-Based 6-DOF Catheter Tracking System for Immersive Cardiac
  Intervention Training",,Immersive × Desktop/Planar,ASSESSED_UNSUPPORTED,EXCLUDED_CONTEXTUAL,Computer vision reconstructs catheter pose and renders it with a patient-specific heart model in Meta Quest 3.,"Navigation and Multiscale Orientation; Selection, Filtering, and Precision Interaction",NF,The trainee manipulates; vision reconstructs pose; the trainee interprets and corrects.,"The system's data is integrated into an interactive Unity-based environment, rendered through the Meta Quest 3 XR headset.","PDF p. 1, Abstract",Two-dimensional projections are an experimental comparator; the spatial mechanism operates in XR and the workflow is intervention training.,FULL_REPORT_ASSESSED,Open-access report linked by OpenAlex,outputs/staging/target-cell-complete-pass-v1-20260926/reports/T115-advanced-xr-based-6-dof-catheter-tracking-system-for-immersive-cardiac-interve.pdf,e006eb511d58e3e3155661b07b30ccfb75e71786c4e4c55270afbd942562c47c,115,Automated bounded full-report assessment; not independently author-approved
TSC-129,target-system:eb7836512cfa64ce2850,canonical:abc76c78dfa8b3af1f1d166f,Fast and independent access to map directions for people who are blind☆,Fast and independent access to map directions for people who are blind☆,10.1016/j.intcom.2012.02.002,Immersive × Desktop/Planar,FULL_REPORT_UNAVAILABLE,INACCESSIBLE,Not assessed from a full report.,,,Not assessed from a full report.,,,No lawful full report was available after the frozen identifier-led access pass; metadata was triaged only and is not scientific rejection.,FULL_REPORT_UNAVAILABLE,,,,116,Automated bounded full-report assessment; not independently author-approved
TSC-130,target-system:41d03b74c2971d399b67,canonical:ccf3d635e63c3cfc0b71e541,Immersive Virtual Reality Dashboards for Big Data Analytics in Disaster Risk Management and Emergency Response,Immersive Virtual Reality Dashboards for Big Data Analytics in Disaster Risk Management and Emergency Response,10.1109/icipcn67432.2026.11439003,Immersive × Desktop/Planar,FULL_REPORT_UNAVAILABLE,INACCESSIBLE,Not assessed from a full report.,,,Not assessed from a full report.,,,No lawful full report was available after the frozen identifier-led access pass; metadata was triaged only and is not scientific rejection.,FULL_REPORT_UNAVAILABLE,,,,117,Automated bounded full-report assessment; not independently author-approved
TSC-131,target-system:c2df8e852e6d8aaac5c6,canonical:d1ee366e54242eea2d42ec89,A Map-Based System Using Speech and 3D Gestures for Pervasive Computing,A Map-Based System Using Speech and 3D Gestures for Pervasive Computing,10.1109/icmi.2002.1166991,Immersive × Desktop/Planar,FULL_REPORT_UNAVAILABLE,INACCESSIBLE,Not assessed from a full report.,,,Not assessed from a full report.,,,No lawful full report was available after the frozen identifier-led access pass; metadata was triaged only and is not scientific rejection.,FULL_REPORT_UNAVAILABLE,,,,118,Automated bounded full-report assessment; not independently author-approved
TSC-132,target-system:98d19daf080540ea52b2,canonical:ec289e1ae52844b5d5aa5587,Virtual reality training system for diagnostic ultrasound,Virtual reality training system for diagnostic ultrasound,10.1109/ultsym.2010.5935947,Immersive × Desktop/Planar,FULL_REPORT_UNAVAILABLE,INACCESSIBLE,Not assessed from a full report.,,,Not assessed from a full report.,,,No lawful full report was available after the frozen identifier-led access pass; metadata was triaged only and is not scientific rejection.,FULL_REPORT_UNAVAILABLE,,,,119,Automated bounded full-report assessment; not independently author-approved
TSC-133,target-system:ffbfb9aac25632842167,canonical:5b8fc9e500485008655398b5,iMedic: a two-handed immersive medical environment for distributed interactive consultation,iMedic: a two-handed immersive medical environment for distributed interactive consultation.,,Immersive × Desktop/Planar,FULL_REPORT_UNAVAILABLE,INACCESSIBLE,Not assessed from a full report.,,,Not assessed from a full report.,,,No lawful full report was available after the frozen identifier-led access pass; metadata was triaged only and is not scientific rejection.,FULL_REPORT_UNAVAILABLE,,,,120,Automated bounded full-report assessment; not independently author-approved
TSC-134,target-system:514f7eaa8ed4f51b14a1,canonical:8d24c2fb30f5d4fa5b4c7b4b,Intelligent Cyber-Physical Simulator for Breast Ultrasound Radiology Training,Intelligent Cyber-Physical Simulator for Breast Ultrasound Radiology Training,10.1109/sipaim67325.2025.11283429,Immersive × Desktop/Planar,FULL_REPORT_UNAVAILABLE,INACCESSIBLE,Not assessed from a full report.,,,Not assessed from a full report.,,,No lawful full report was available after the frozen identifier-led access pass; metadata was triaged only and is not scientific rejection.,FULL_REPORT_UNAVAILABLE,,,,121,Automated bounded full-report assessment; not independently author-approved
TSC-135,target-system:be3238d26d07f9524ef0,canonical:ea3e0e5c8d11e082b81bbe6f,The BRAIN project: an interactive learning tool using desktop virtual reality on personal computers,The BRAIN project: an interactive learning tool using desktop virtual reality on personal computers.,,Immersive × Desktop/Planar,FULL_REPORT_UNAVAILABLE,INACCESSIBLE,Not assessed from a full report.,,,Not assessed from a full report.,,,No lawful full report was available after the frozen identifier-led access pass; metadata was triaged only and is not scientific rejection.,FULL_REPORT_UNAVAILABLE,,,,122,Automated bounded full-report assessment; not independently author-approved
TSC-136,target-system:c0e61438dfecb1b9197d,canonical:f1a5035af4ff7ed6a0cde207,Computer-based anatomy a prerequisite for computer-assisted radiology and surgery,Computer-based anatomy a prerequisite for computer-assisted radiology and surgery.,10.1016/j.acra.2005.08.034,Immersive × Desktop/Planar,FULL_REPORT_UNAVAILABLE,INACCESSIBLE,Not assessed from a full report.,,,Not assessed from a full report.,,,No lawful full report was available after the frozen identifier-led access pass; metadata was triaged only and is not scientific rejection.,FULL_REPORT_UNAVAILABLE,,,,123,Automated bounded full-report assessment; not independently author-approved
TSC-137,target-system:7d3641c6b5f86b30c4da,canonical:5589f19d806c419784a8729f,Submersivity: XR-Guided Garbage Detection with an RC Submarine for Peter Street Basin Cleanup,Submersivity: XR-Guided Garbage Detection with an RC Submarine for Peter Street Basin Cleanup,10.1109/icma69663.2026.11647510,Immersive × Desktop/Planar,FULL_REPORT_UNAVAILABLE,INACCESSIBLE,Not assessed from a full report.,,,Not assessed from a full report.,,,No lawful full report was available after the frozen identifier-led access pass; metadata was triaged only and is not scientific rejection.,FULL_REPORT_UNAVAILABLE,,,,124,Automated bounded full-report assessment; not independently author-approved
TSC-138,target-system:81e299f661f04418062c,canonical:c63b19fe2ff2b7a449eef0cc,Agricultural AR training system,An Interactive Virtual Training System Based on Augmented Reality,10.2991/icetis-13.2013.259,Immersive × Desktop/Planar,ASSESSED_UNSUPPORTED,EXCLUDED_CONTEXTUAL,Marker-based AR lets learners control a strawberry training model.,Navigation and Multiscale Orientation,N,"The learner commands the model; AR registration renders it; learning, not analytical interpretation, is evaluated.",A typical application employing strawberry as an example was implemented by use of Lua programming language and D’fusion developing platform.,"PDF p. 4, Conclusion","The contribution is agricultural training, not an eligible life-science analytical workflow, and its assistance is AR rather than Desktop/Planar.",FULL_REPORT_ASSESSED,Open-access report linked by OpenAlex,outputs/staging/target-cell-complete-pass-v1-20260926/reports/T125-an-interactive-virtual-training-system-based-on-augmented-reality.pdf,4f9a4a2ec531b76bcb60db75bd197eb2df21e9b9ca50813a026c48fa32e0bcca,125,Automated bounded full-report assessment; not independently author-approved
TSC-139,target-system:a8c78cc8b58ea506c1a6,canonical:31b8d18bdfc798a892693404,A GIS-based serious game recommender for online physical therapy,A GIS-based serious game recommender for online physical therapy,10.1145/2676629.2676634,Immersive × Desktop/Planar,FULL_REPORT_UNAVAILABLE,INACCESSIBLE,Not assessed from a full report.,,,Not assessed from a full report.,,,No lawful full report was available after the frozen identifier-led access pass; metadata was triaged only and is not scientific rejection.,FULL_REPORT_UNAVAILABLE,,,,126,Automated bounded full-report assessment; not independently author-approved
TSC-140,target-system:9b7ac32c3167038f9e8d,canonical:e37ec55de6007927c2a45b0a,The virtual reality arthroscopy training simulator,The virtual reality arthroscopy training simulator.,,Immersive × Desktop/Planar,FULL_REPORT_UNAVAILABLE,INACCESSIBLE,Not assessed from a full report.,,,Not assessed from a full report.,,,No lawful full report was available after the frozen identifier-led access pass; metadata was triaged only and is not scientific rejection.,FULL_REPORT_UNAVAILABLE,,,,127,Automated bounded full-report assessment; not independently author-approved
TSC-141,target-system:a643002c7874a0455c5b,canonical:2cbcb93407ac9adcab3b716f,"Your Face, Your Anatomy: Flashcard Lenses Enriched with Knowledge Maps for Anatomy Education","Your Face, Your Anatomy: Flashcard Lenses Enriched with Knowledge Maps for Anatomy Education",10.1109/ismar62088.2024.00064,Immersive × Desktop/Planar,FULL_REPORT_UNAVAILABLE,INACCESSIBLE,Not assessed from a full report.,,,Not assessed from a full report.,,,No lawful full report was available after the frozen identifier-led access pass; metadata was triaged only and is not scientific rejection.,FULL_REPORT_UNAVAILABLE,,,,128,Automated bounded full-report assessment; not independently author-approved
TSC-142,target-system:b4b0515b2beb62ec089a,canonical:b79f8a6db61ba84ac961efb5,3D visualization and stereographic techniques for medical research and education,3D visualization and stereographic techniques for medical research and education.,,Immersive × Desktop/Planar,FULL_REPORT_UNAVAILABLE,INACCESSIBLE,Not assessed from a full report.,,,Not assessed from a full report.,,,No lawful full report was available after the frozen identifier-led access pass; metadata was triaged only and is not scientific rejection.,FULL_REPORT_UNAVAILABLE,,,,129,Automated bounded full-report assessment; not independently author-approved
